Client,Ship,ArrivalDate,Deadline,Product,Quantity,WindowDays,Factory,Axis,Berth,ShipSubClass,ShipDeadWeight,EffectiveLoadRate,LoadingDaysNeeded,FitsBerth,ShipCanCarry,CanLoadInTime,Feasible
Client_10,Ship_10,2025-01-01,2025-01-04,Product_8,23796,3,Factory_4,Axis_4,Q2A,Type_2_small,29000,23000,2,True,True,True,True
Client_2,Ship_2,2025-01-01,2025-01-05,Product_1,14454,4,Factory_1,Axis_1,Q1A,Type_1_large,21000,11000,2,True,True,True,True
Client_6,Ship_6,2025-01-01,2025-01-05,Product_5,12132,4,Factory_3,Axis_3,Q1C,Type_1_medium,13000,11000,2,True,True,True,True
Client_7,Ship_7,2025-01-01,2025-01-05,Product_6,9754,4,Factory_3,Axis_3,Q1C,Type_1_medium,13000,11000,1,True,True,True,True
Client_8,Ship_8,2025-01-01,2025-01-04,Product_7,17939,3,Factory_4,Axis_4,Q2A,Type_1_large,21000,11000,2,True,True,True,True
Client_1,Ship_1,2025-01-02,2025-01-05,Product_1,7990,3,Factory_1,Axis_1,Q1A,Type_1_medium,13000,11000,1,True,True,True,True
Client_11,Ship_11,2025-01-02,2025-01-05,Product_9,3640,3,Factory_5,Axis_5,Q2B,Type_1_small,5000,11000,1,True,True,True,True
Client_12,Ship_12,2025-01-02,2025-01-05,Product_9,2112,3,Factory_5,Axis_5,Q2B,Type_1_small,5000,11000,1,True,True,True,True
Client_13,Ship_13,2025-01-02,2025-01-05,Product_10,13890,3,Factory_5,Axis_5,Q2B,Type_1_large,21000,11000,2,True,True,True,True
Client_14,Ship_14,2025-01-02,2025-01-05,Product_10,22135,3,Factory_5,Axis_5,Q2B,Type_2_small,29000,23000,1,True,True,True,True
Client_3,Ship_3,2025-01-02,2025-01-05,Product_2,31530,3,Factory_1,Axis_1,Q1A,Type_2_medium,37000,23000,2,True,True,True,True
Client_4,Ship_4,2025-01-02,2025-01-05,Product_4,16374,3,Factory_2,Axis_2,Q1B,Type_1_large,21000,11000,2,True,True,True,True
Client_5,Ship_5,2025-01-02,2025-01-05,Product_4,18025,3,Factory_2,Axis_2,Q1B,Type_1_large,21000,11000,2,True,True,True,True
Client_9,Ship_9,2025-01-02,2025-01-05,Product_8,24821,3,Factory_4,Axis_4,Q2A,Type_2_small,29000,23000,2,True,True,True,True
Client_15,Ship_15,2025-01-06,2025-01-12,Product_1,40348,6,Factory_1,Axis_1,Q1A,Type_2_large,45000,23000,2,True,True,True,True
Client_17,Ship_17,2025-01-06,2025-01-11,Product_3,2238,5,Factory_2,Axis_2,Q1B,Type_1_small,5000,11000,1,True,True,True,True
Client_18,Ship_18,2025-01-06,2025-01-09,Product_4,27751,3,Factory_2,Axis_2,Q1B,Type_2_small,29000,23000,2,True,True,True,True
Client_2,Ship_22,2025-01-06,2025-01-10,Product_6,7818,4,Factory_3,Axis_3,Q1C,Type_1_medium,13000,11000,1,True,True,True,True
Client_4,Ship_24,2025-01-06,2025-01-10,Product_7,19073,4,Factory_4,Axis_4,Q2A,Type_1_large,21000,11000,2,True,True,True,True
Client_6,Ship_26,2025-01-06,2025-01-12,Product_9,9151,6,Factory_5,Axis_5,Q2B,Type_1_medium,13000,11000,1,True,True,True,True
Client_19,Ship_19,2025-01-07,2025-01-11,Product_4,27600,4,Factory_2,Axis_2,Q1B,Type_2_small,29000,23000,2,True,True,True,True
Client_20,Ship_20,2025-01-07,2025-01-10,Product_5,23149,3,Factory_3,Axis_3,Q1C,Type_2_small,29000,23000,2,True,True,True,True
Client_3,Ship_23,2025-01-07,2025-01-10,Product_7,14783,3,Factory_4,Axis_4,Q2A,Type_1_large,21000,11000,2,True,True,True,True
Client_5,Ship_25,2025-01-07,2025-01-12,Product_8,72562,5,Factory_4,Axis_4,Q2A,Type_4_small,77000,47000,2,True,True,True,True
Client_7,Ship_27,2025-01-07,2025-01-12,Product_10,62955,5,Factory_5,Axis_5,Q2B,Type_3_large,69000,35000,2,True,True,True,True
Client_1,Ship_21,2025-01-08,2025-01-12,Product_6,8611,4,Factory_3,Axis_3,Q1C,Type_1_medium,13000,11000,1,True,True,True,True
Client_16,Ship_16,2025-01-08,2025-01-11,Product_2,45309,3,Factory_1,Axis_1,Q1A,Type_3_small,53000,35000,2,True,True,True,True
Client_10,Ship_30,2025-01-13,2025-01-19,Product_2,42858,6,Factory_1,Axis_1,Q1A,Type_2_large,45000,23000,2,True,True,True,True
Client_12,Ship_32,2025-01-13,2025-01-16,Product_4,28423,3,Factory_2,Axis_2,Q1B,Type_2_small,29000,23000,2,True,True,True,True
Client_9,Ship_29,2025-01-13,2025-01-16,Product_1,16337,3,Factory_1,Axis_1,Q1A,Type_1_large,21000,11000,2,True,True,True,True
Client_14,Ship_34,2025-01-14,2025-01-19,Product_5,16793,5,Factory_3,Axis_3,Q1C,Type_1_large,21000,11000,2,True,True,True,True
Client_15,Ship_35,2025-01-14,2025-01-18,Product_5,10546,4,Factory_3,Axis_3,Q1C,Type_1_medium,13000,11000,1,True,True,True,True
Client_19,Ship_39,2025-01-14,2025-01-18,Product_9,6202,4,Factory_5,Axis_5,Q2B,Type_1_medium,13000,11000,1,True,True,True,True
Client_2,Ship_42,2025-01-14,2025-01-19,Product_10,32403,5,Factory_5,Axis_5,Q2B,Type_2_medium,37000,23000,2,True,True,True,True
Client_8,Ship_28,2025-01-14,2025-01-17,Product_1,25401,3,Factory_1,Axis_1,Q1A,Type_2_small,29000,23000,2,True,True,True,True
Client_1,Ship_41,2025-01-15,2025-01-18,Product_10,40969,3,Factory_5,Axis_5,Q2B,Type_2_large,45000,23000,2,True,True,True,True
Client_11,Ship_31,2025-01-15,2025-01-19,Product_3,2162,4,Factory_2,Axis_2,Q1B,Type_1_small,5000,11000,1,True,True,True,True
Client_17,Ship_37,2025-01-15,2025-01-19,Product_7,34925,4,Factory_4,Axis_4,Q2A,Type_2_medium,37000,23000,2,True,True,True,True
Client_13,Ship_33,2025-01-16,2025-01-19,Product_4,28542,3,Factory_2,Axis_2,Q1B,Type_2_small,29000,23000,2,True,True,True,True
Client_16,Ship_36,2025-01-16,2025-01-19,Product_6,14421,3,Factory_3,Axis_3,Q1C,Type_1_large,21000,11000,2,True,True,True,True
Client_18,Ship_38,2025-01-16,2025-01-19,Product_8,66886,3,Factory_4,Axis_4,Q2A,Type_3_large,69000,35000,2,True,True,True,True
Client_20,Ship_40,2025-01-16,2025-01-19,Product_9,4176,3,Factory_5,Axis_5,Q2B,Type_1_small,5000,11000,1,True,True,True,True
Client_10,Ship_50,2025-01-20,2025-01-26,Product_5,15741,6,Factory_3,Axis_3,Q1C,Type_1_large,21000,11000,2,True,True,True,True
Client_15,Ship_55,2025-01-20,2025-01-26,Product_8,31167,6,Factory_4,Axis_4,Q2A,Type_2_medium,37000,23000,2,True,True,True,True
Client_3,Ship_43,2025-01-20,2025-01-25,Product_1,19379,5,Factory_1,Axis_1,Q1A,Type_1_large,21000,11000,2,True,True,True,True
Client_11,Ship_51,2025-01-21,2025-01-25,Product_5,9104,4,Factory_3,Axis_3,Q1C,Type_1_medium,13000,11000,1,True,True,True,True
Client_4,Ship_44,2025-01-21,2025-01-26,Product_1,22868,5,Factory_1,Axis_1,Q1A,Type_2_small,29000,23000,1,True,True,True,True
Client_7,Ship_47,2025-01-21,2025-01-26,Product_3,2464,5,Factory_2,Axis_2,Q1B,Type_1_small,5000,11000,1,True,True,True,True
Client_9,Ship_49,2025-01-21,2025-01-24,Product_4,22832,3,Factory_2,Axis_2,Q1B,Type_2_small,29000,23000,1,True,True,True,True
Client_12,Ship_52,2025-01-22,2025-01-25,Product_6,17296,3,Factory_3,Axis_3,Q1C,Type_1_large,21000,11000,2,True,True,True,True
Client_13,Ship_53,2025-01-22,2025-01-25,Product_7,31314,3,Factory_4,Axis_4,Q2A,Type_2_medium,37000,23000,2,True,True,True,True
Client_14,Ship_54,2025-01-22,2025-01-25,Product_8,42628,3,Factory_4,Axis_4,Q2A,Type_2_large,45000,23000,2,True,True,True,True
Client_16,Ship_56,2025-01-22,2025-01-25,Product_9,6102,3,Factory_5,Axis_5,Q2B,Type_1_medium,13000,11000,1,True,True,True,True
Client_18,Ship_58,2025-01-22,2025-01-25,Product_10,40418,3,Factory_5,Axis_5,Q2B,Type_2_large,45000,23000,2,True,True,True,True
Client_19,Ship_59,2025-01-22,2025-01-25,Product_10,24337,3,Factory_5,Axis_5,Q2B,Type_2_small,29000,23000,2,True,True,True,True
Client_5,Ship_45,2025-01-22,2025-01-26,Product_2,20032,4,Factory_1,Axis_1,Q1A,Type_1_large,21000,11000,2,True,True,True,True
Client_6,Ship_46,2025-01-22,2025-01-26,Product_2,26017,4,Factory_1,Axis_1,Q1A,Type_2_small,29000,23000,2,True,True,True,True
Client_17,Ship_57,2025-01-23,2025-01-26,Product_9,4921,3,Factory_5,Axis_5,Q2B,Type_1_small,5000,11000,1,True,True,True,True
Client_8,Ship_48,2025-01-23,2025-01-26,Product_4,30168,3,Factory_2,Axis_2,Q1B,Type_2_medium,37000,23000,2,True,True,True,True
Client_11,Ship_71,2025-01-27,2025-02-02,Product_9,8114,6,Factory_5,Axis_5,Q2B,Type_1_medium,13000,11000,1,True,True,True,True
Client_20,Ship_60,2025-01-27,2025-02-01,Product_1,26862,5,Factory_1,Axis_1,Q1A,Type_2_small,29000,23000,2,True,True,True,True
Client_5,Ship_65,2025-01-27,2025-01-30,Product_5,12497,3,Factory_3,Axis_3,Q1C,Type_1_medium,13000,11000,2,True,True,True,True
Client_6,Ship_66,2025-01-27,2025-02-02,Product_5,10570,6,Factory_3,Axis_3,Q1C,Type_1_medium,13000,11000,1,True,True,True,True
Client_10,Ship_70,2025-01-28,2025-02-02,Product_8,79369,5,Factory_4,Axis_4,Q2A,Type_4_medium,85000,47000,2,True,True,True,True
Client_2,Ship_62,2025-01-28,2025-01-31,Product_2,46795,3,Factory_1,Axis_1,Q1A,Type_3_small,53000,35000,2,True,True,True,True
Client_3,Ship_63,2025-01-28,2025-01-31,Product_3,2319,3,Factory_2,Axis_2,Q1B,Type_1_small,5000,11000,1,True,True,True,True
Client_8,Ship_68,2025-01-28,2025-02-02,Product_7,13491,5,Factory_4,Axis_4,Q2A,Type_1_large,21000,11000,2,True,True,True,True
Client_13,Ship_73,2025-01-29,2025-02-02,Product_10,30270,4,Factory_5,Axis_5,Q2B,Type_2_medium,37000,23000,2,True,True,True,True
Client_1,Ship_61,2025-01-30,2025-02-02,Product_1,15219,3,Factory_1,Axis_1,Q1A,Type_1_large,21000,11000,2,True,True,True,True
Client_12,Ship_72,2025-01-30,2025-02-02,Product_10,31684,3,Factory_5,Axis_5,Q2B,Type_2_medium,37000,23000,2,True,True,True,True
Client_4,Ship_64,2025-01-30,2025-02-02,Product_4,48709,3,Factory_2,Axis_2,Q1B,Type_3_small,53000,35000,2,True,True,True,True
Client_7,Ship_67,2025-01-30,2025-02-02,Product_6,18075,3,Factory_3,Axis_3,Q1C,Type_1_large,21000,11000,2,True,True,True,True
Client_9,Ship_69,2025-01-30,2025-02-02,Product_7,19154,3,Factory_4,Axis_4,Q2A,Type_1_large,21000,11000,2,True,True,True,True
Client_1,Ship_81,2025-02-03,2025-02-06,Product_7,12522,3,Factory_4,Axis_4,Q2A,Type_1_medium,13000,11000,2,True,True,True,True
Client_15,Ship_75,2025-02-03,2025-02-09,Product_1,17266,6,Factory_1,Axis_1,Q1A,Type_1_large,21000,11000,2,True,True,True,True
Client_19,Ship_79,2025-02-03,2025-02-09,Product_5,24787,6,Factory_3,Axis_3,Q1C,Type_2_small,29000,23000,2,True,True,True,True
Client_14,Ship_74,2025-02-04,2025-02-09,Product_1,25824,5,Factory_1,Axis_1,Q1A,Type_2_small,29000,23000,2,True,True,True,True
Client_16,Ship_76,2025-02-04,2025-02-07,Product_2,45866,3,Factory_1,Axis_1,Q1A,Type_3_small,53000,35000,2,True,True,True,True
Client_2,Ship_82,2025-02-04,2025-02-07,Product_7,20026,3,Factory_4,Axis_4,Q2A,Type_1_large,21000,11000,2,True,True,True,True
Client_4,Ship_84,2025-02-04,2025-02-09,Product_8,30168,5,Factory_4,Axis_4,Q2A,Type_2_medium,37000,23000,2,True,True,True,True
Client_5,Ship_85,2025-02-04,2025-02-08,Product_9,3537,4,Factory_5,Axis_5,Q2B,Type_1_small,5000,11000,1,True,True,True,True
Client_7,Ship_87,2025-02-04,2025-02-07,Product_10,64184,3,Factory_5,Axis_5,Q2B,Type_3_large,69000,35000,2,True,True,True,True
Client_3,Ship_83,2025-02-05,2025-02-08,Product_8,37024,3,Factory_4,Axis_4,Q2A,Type_2_large,45000,23000,2,True,True,True,True
Client_17,Ship_77,2025-02-06,2025-02-09,Product_3,2794,3,Factory_2,Axis_2,Q1B,Type_1_small,5000,11000,1,True,True,True,True
Client_18,Ship_78,2025-02-06,2025-02-09,Product_4,56815,3,Factory_2,Axis_2,Q1B,Type_3_medium,61000,35000,2,True,True,True,True
Client_20,Ship_80,2025-02-06,2025-02-09,Product_6,17468,3,Factory_3,Axis_3,Q1C,Type_1_large,21000,11000,2,True,True,True,True
Client_6,Ship_86,2025-02-06,2025-02-09,Product_9,6510,3,Factory_5,Axis_5,Q2B,Type_1_medium,13000,11000,1,True,True,True,True
Client_12,Ship_92,2025-02-10,2025-02-15,Product_4,28936,5,Factory_2,Axis_2,Q1B,Type_2_small,29000,23000,2,True,True,True,True
Client_14,Ship_94,2025-02-10,2025-02-13,Product_5,26230,3,Factory_3,Axis_3,Q1C,Type_2_small,29000,23000,2,True,True,True,True
Client_18,Ship_98,2025-02-10,2025-02-13,Product_7,16545,3,Factory_4,Axis_4,Q2A,Type_1_large,21000,11000,2,True,True,True,True
Client_2,Ship_102,2025-02-10,2025-02-16,Product_9,5590,6,Factory_5,Axis_5,Q2B,Type_1_medium,13000,11000,1,True,True,True,True
Client_20,Ship_100,2025-02-10,2025-02-15,Product_8,40928,5,Factory_4,Axis_4,Q2A,Type_2_large,45000,23000,2,True,True,True,True
Client_4,Ship_104,2025-02-10,2025-02-13,Product_10,25266,3,Factory_5,Axis_5,Q2B,Type_2_small,29000,23000,2,True,True,True,True
Client_1,Ship_101,2025-02-11,2025-02-16,Product_9,5392,5,Factory_5,Axis_5,Q2B,Type_1_medium,13000,11000,1,True,True,True,True
Client_16,Ship_96,2025-02-11,2025-02-16,Product_6,7550,5,Factory_3,Axis_3,Q1C,Type_1_medium,13000,11000,1,True,True,True,True
Client_19,Ship_99,2025-02-11,2025-02-14,Product_8,37864,3,Factory_4,Axis_4,Q2A,Type_2_large,45000,23000,2,True,True,True,True
Client_8,Ship_88,2025-02-11,2025-02-15,Product_1,22600,4,Factory_1,Axis_1,Q1A,Type_2_small,29000,23000,1,True,True,True,True
Client_10,Ship_90,2025-02-12,2025-02-16,Product_2,46974,4,Factory_1,Axis_1,Q1A,Type_3_small,53000,35000,2,True,True,True,True
Client_13,Ship_93,2025-02-12,2025-02-15,Product_4,19058,3,Factory_2,Axis_2,Q1B,Type_1_large,21000,11000,2,True,True,True,True
Client_17,Ship_97,2025-02-12,2025-02-15,Product_7,16521,3,Factory_4,Axis_4,Q2A,Type_1_large,21000,11000,2,True,True,True,True
Client_11,Ship_91,2025-02-13,2025-02-16,Product_3,2276,3,Factory_2,Axis_2,Q1B,Type_1_small,5000,11000,1,True,True,True,True
Client_15,Ship_95,2025-02-13,2025-02-16,Product_6,7920,3,Factory_3,Axis_3,Q1C,Type_1_medium,13000,11000,1,True,True,True,True
Client_3,Ship_103,2025-02-13,2025-02-16,Product_10,34298,3,Factory_5,Axis_5,Q2B,Type_2_medium,37000,23000,2,True,True,True,True
Client_9,Ship_89,2025-02-13,2025-02-16,Product_1,20514,3,Factory_1,Axis_1,Q1A,Type_1_large,21000,11000,2,True,True,True,True
Client_15,Ship_115,2025-02-17,2025-02-20,Product_8,38697,3,Factory_4,Axis_4,Q2A,Type_2_large,45000,23000,2,True,True,True,True
Client_16,Ship_116,2025-02-17,2025-02-21,Product_9,9974,4,Factory_5,Axis_5,Q2B,Type_1_medium,13000,11000,1,True,True,True,True
Client_8,Ship_108,2025-02-17,2025-02-21,Product_4,63158,4,Factory_2,Axis_2,Q1B,Type_3_large,69000,35000,2,True,True,True,True
Client_14,Ship_114,2025-02-18,2025-02-21,Product_8,27124,3,Factory_4,Axis_4,Q2A,Type_2_small,29000,23000,2,True,True,True,True
Client_5,Ship_105,2025-02-18,2025-02-22,Product_1,42398,4,Factory_1,Axis_1,Q1A,Type_2_large,45000,23000,2,True,True,True,True
Client_7,Ship_107,2025-02-18,2025-02-23,Product_3,2439,5,Factory_2,Axis_2,Q1B,Type_1_small,5000,11000,1,True,True,True,True
Client_9,Ship_109,2025-02-18,2025-02-21,Product_5,23235,3,Factory_3,Axis_3,Q1C,Type_2_small,29000,23000,2,True,True,True,True
Client_10,Ship_110,2025-02-19,2025-02-22,Product_6,8169,3,Factory_3,Axis_3,Q1C,Type_1_medium,13000,11000,1,True,True,True,True
Client_11,Ship_111,2025-02-19,2025-02-23,Product_6,9955,4,Factory_3,Axis_3,Q1C,Type_1_medium,13000,11000,1,True,True,True,True
Client_17,Ship_117,2025-02-19,2025-02-22,Product_10,63782,3,Factory_5,Axis_5,Q2B,Type_3_large,69000,35000,2,True,True,True,True
Client_12,Ship_112,2025-02-20,2025-02-23,Product_7,16436,3,Factory_4,Axis_4,Q2A,Type_1_large,21000,11000,2,True,True,True,True
Client_13,Ship_113,2025-02-20,2025-02-23,Product_7,16700,3,Factory_4,Axis_4,Q2A,Type_1_large,21000,11000,2,True,True,True,True
Client_6,Ship_106,2025-02-20,2025-02-23,Product_2,47503,3,Factory_1,Axis_1,Q1A,Type_3_small,53000,35000,2,True,True,True,True
Client_10,Ship_130,2025-02-24,2025-02-28,Product_10,38552,4,Factory_5,Axis_5,Q2B,Type_2_large,45000,23000,2,True,True,True,True
Client_11,Ship_131,2025-02-24,2025-02-28,Product_10,26881,4,Factory_5,Axis_5,Q2B,Type_2_small,29000,23000,2,True,True,True,True
Client_19,Ship_119,2025-02-24,2025-02-28,Product_2,51567,4,Factory_1,Axis_1,Q1A,Type_3_small,53000,35000,2,True,True,True,True
Client_3,Ship_123,2025-02-24,2025-02-28,Product_5,8946,4,Factory_3,Axis_3,Q1C,Type_1_medium,13000,11000,1,True,True,True,True
Client_8,Ship_128,2025-02-24,2025-02-28,Product_8,75078,4,Factory_4,Axis_4,Q2A,Type_4_small,77000,47000,2,True,True,True,True
Client_1,Ship_121,2025-02-25,2025-03-02,Product_4,21465,5,Factory_2,Axis_2,Q1B,Type_2_small,29000,23000,1,True,True,True,True
Client_7,Ship_127,2025-02-25,2025-03-02,Product_7,32616,5,Factory_4,Axis_4,Q2A,Type_2_medium,37000,23000,2,True,True,True,True
Client_9,Ship_129,2025-02-25,2025-03-02,Product_9,10192,5,Factory_5,Axis_5,Q2B,Type_1_medium,13000,11000,1,True,True,True,True
Client_18,Ship_118,2025-02-26,2025-03-01,Product_1,42283,3,Factory_1,Axis_1,Q1A,Type_2_large,45000,23000,2,True,True,True,True
Client_20,Ship_120,2025-02-26,2025-03-02,Product_3,2257,4,Factory_2,Axis_2,Q1B,Type_1_small,5000,11000,1,True,True,True,True
Client_5,Ship_125,2025-02-26,2025-03-02,Product_6,7589,4,Factory_3,Axis_3,Q1C,Type_1_medium,13000,11000,1,True,True,True,True
Client_6,Ship_126,2025-02-26,2025-03-02,Product_6,10402,4,Factory_3,Axis_3,Q1C,Type_1_medium,13000,11000,1,True,True,True,True
Client_2,Ship_122,2025-02-27,2025-03-02,Product_4,31715,3,Factory_2,Axis_2,Q1B,Type_2_medium,37000,23000,2,True,True,True,True
Client_4,Ship_124,2025-02-27,2025-03-02,Product_5,12815,3,Factory_3,Axis_3,Q1C,Type_1_medium,13000,11000,2,True,True,True,True
Client_1,Ship_141,2025-03-03,2025-03-08,Product_7,13856,5,Factory_4,Axis_4,Q2A,Type_1_large,21000,11000,2,True,True,True,True
Client_14,Ship_134,2025-03-03,2025-03-08,Product_2,44918,5,Factory_1,Axis_1,Q1A,Type_2_large,45000,23000,2,True,True,True,True
Client_15,Ship_135,2025-03-03,2025-03-08,Product_3,2383,5,Factory_2,Axis_2,Q1B,Type_1_small,5000,11000,1,True,True,True,True
Client_12,Ship_132,2025-03-04,2025-03-09,Product_1,21613,5,Factory_1,Axis_1,Q1A,Type_2_small,29000,23000,1,True,True,True,True
Client_16,Ship_136,2025-03-04,2025-03-08,Product_4,57216,4,Factory_2,Axis_2,Q1B,Type_3_medium,61000,35000,2,True,True,True,True
Client_17,Ship_137,2025-03-04,2025-03-09,Product_5,26355,5,Factory_3,Axis_3,Q1C,Type_2_small,29000,23000,2,True,True,True,True
Client_18,Ship_138,2025-03-04,2025-03-09,Product_6,6269,5,Factory_3,Axis_3,Q1C,Type_1_medium,13000,11000,1,True,True,True,True
Client_3,Ship_143,2025-03-04,2025-03-08,Product_9,7434,4,Factory_5,Axis_5,Q2B,Type_1_medium,13000,11000,1,True,True,True,True
Client_2,Ship_142,2025-03-05,2025-03-08,Product_8,80209,3,Factory_4,Axis_4,Q2A,Type_4_medium,85000,47000,2,True,True,True,True
Client_20,Ship_140,2025-03-05,2025-03-08,Product_7,20029,3,Factory_4,Axis_4,Q2A,Type_1_large,21000,11000,2,True,True,True,True
Client_13,Ship_133,2025-03-06,2025-03-09,Product_1,16868,3,Factory_1,Axis_1,Q1A,Type_1_large,21000,11000,2,True,True,True,True
Client_19,Ship_139,2025-03-06,2025-03-09,Product_6,8455,3,Factory_3,Axis_3,Q1C,Type_1_medium,13000,11000,1,True,True,True,True
Client_4,Ship_144,2025-03-06,2025-03-09,Product_9,4168,3,Factory_5,Axis_5,Q2B,Type_1_small,5000,11000,1,True,True,True,True
Client_5,Ship_145,2025-03-06,2025-03-09,Product_10,59197,3,Factory_5,Axis_5,Q2B,Type_3_medium,61000,35000,2,True,True,True,True
Client_1,Ship_161,2025-03-10,2025-03-14,Product_10,33983,4,Factory_5,Axis_5,Q2B,Type_2_medium,37000,23000,2,True,True,True,True
Client_14,Ship_154,2025-03-10,2025-03-14,Product_5,15109,4,Factory_3,Axis_3,Q1C,Type_1_large,21000,11000,2,True,True,True,True
Client_15,Ship_155,2025-03-10,2025-03-14,Product_6,17631,4,Factory_3,Axis_3,Q1C,Type_1_large,21000,11000,2,True,True,True,True
Client_6,Ship_146,2025-03-10,2025-03-13,Product_1,25854,3,Factory_1,Axis_1,Q1A,Type_2_small,29000,23000,2,True,True,True,True
Client_7,Ship_147,2025-03-10,2025-03-16,Product_1,18224,6,Factory_1,Axis_1,Q1A,Type_1_large,21000,11000,2,True,True,True,True
Client_10,Ship_150,2025-03-11,2025-03-16,Product_3,2503,5,Factory_2,Axis_2,Q1B,Type_1_small,5000,11000,1,True,True,True,True
Client_13,Ship_153,2025-03-11,2025-03-15,Product_5,10534,4,Factory_3,Axis_3,Q1C,Type_1_medium,13000,11000,1,True,True,True,True
Client_16,Ship_156,2025-03-11,2025-03-15,Product_7,21511,4,Factory_4,Axis_4,Q2A,Type_2_small,29000,23000,1,True,True,True,True
Client_19,Ship_159,2025-03-11,2025-03-16,Product_9,4249,5,Factory_5,Axis_5,Q2B,Type_1_small,5000,11000,1,True,True,True,True
Client_2,Ship_162,2025-03-11,2025-03-14,Product_10,26881,3,Factory_5,Axis_5,Q2B,Type_2_small,29000,23000,2,True,True,True,True
Client_11,Ship_151,2025-03-12,2025-03-15,Product_4,25527,3,Factory_2,Axis_2,Q1B,Type_2_small,29000,23000,2,True,True,True,True
Client_12,Ship_152,2025-03-12,2025-03-16,Product_4,25996,4,Factory_2,Axis_2,Q1B,Type_2_small,29000,23000,2,True,True,True,True
Client_18,Ship_158,2025-03-12,2025-03-15,Product_8,69289,3,Factory_4,Axis_4,Q2A,Type_4_small,77000,47000,2,True,True,True,True
Client_8,Ship_148,2025-03-12,2025-03-15,Product_2,27341,3,Factory_1,Axis_1,Q1A,Type_2_small,29000,23000,2,True,True,True,True
Client_17,Ship_157,2025-03-13,2025-03-16,Product_7,12813,3,Factory_4,Axis_4,Q2A,Type_1_medium,13000,11000,2,True,True,True,True
Client_20,Ship_160,2025-03-13,2025-03-16,Product_9,6339,3,Factory_5,Axis_5,Q2B,Type_1_medium,13000,11000,1,True,True,True,True
Client_9,Ship_149,2025-03-13,2025-03-16,Product_2,24928,3,Factory_1,Axis_1,Q1A,Type_2_small,29000,23000,2,True,True,True,True
Client_14,Ship_174,2025-03-17,2025-03-20,Product_9,10390,3,Factory_5,Axis_5,Q2B,Type_1_medium,13000,11000,1,True,True,True,True
Client_15,Ship_175,2025-03-17,2025-03-23,Product_10,31104,6,Factory_5,Axis_5,Q2B,Type_2_medium,37000,23000,2,True,True,True,True
Client_3,Ship_163,2025-03-17,2025-03-20,Product_1,23724,3,Factory_1,Axis_1,Q1A,Type_2_small,29000,23000,2,True,True,True,True
Client_7,Ship_167,2025-03-17,2025-03-23,Product_4,54964,6,Factory_2,Axis_2,Q1B,Type_3_medium,61000,35000,2,True,True,True,True
Client_8,Ship_168,2025-03-17,2025-03-23,Product_5,13097,6,Factory_3,Axis_3,Q1C,Type_1_large,21000,11000,2,True,True,True,True
Client_9,Ship_169,2025-03-17,2025-03-23,Product_5,15276,6,Factory_3,Axis_3,Q1C,Type_1_large,21000,11000,2,True,True,True,True
Client_12,Ship_172,2025-03-18,2025-03-21,Product_7,32166,3,Factory_4,Axis_4,Q2A,Type_2_medium,37000,23000,2,True,True,True,True
Client_4,Ship_164,2025-03-18,2025-03-23,Product_1,16813,5,Factory_1,Axis_1,Q1A,Type_1_large,21000,11000,2,True,True,True,True
Client_10,Ship_170,2025-03-19,2025-03-22,Product_6,9795,3,Factory_3,Axis_3,Q1C,Type_1_medium,13000,11000,1,True,True,True,True
Client_11,Ship_171,2025-03-19,2025-03-22,Product_6,8773,3,Factory_3,Axis_3,Q1C,Type_1_medium,13000,11000,1,True,True,True,True
Client_13,Ship_173,2025-03-19,2025-03-23,Product_8,76222,4,Factory_4,Axis_4,Q2A,Type_4_small,77000,47000,2,True,True,True,True
Client_6,Ship_166,2025-03-19,2025-03-23,Product_3,2363,4,Factory_2,Axis_2,Q1B,Type_1_small,5000,11000,1,True,True,True,True
Client_16,Ship_176,2025-03-20,2025-03-23,Product_10,33907,3,Factory_5,Axis_5,Q2B,Type_2_medium,37000,23000,2,True,True,True,True
Client_5,Ship_165,2025-03-20,2025-03-23,Product_2,51898,3,Factory_1,Axis_1,Q1A,Type_3_small,53000,35000,2,True,True,True,True
Client_4,Ship_184,2025-03-24,2025-03-30,Product_5,15564,6,Factory_3,Axis_3,Q1C,Type_1_large,21000,11000,2,True,True,True,True
Client_7,Ship_187,2025-03-24,2025-03-30,Product_6,6479,6,Factory_3,Axis_3,Q1C,Type_1_medium,13000,11000,1,True,True,True,True
Client_12,Ship_192,2025-03-25,2025-03-28,Product_9,7376,3,Factory_5,Axis_5,Q2B,Type_1_medium,13000,11000,1,True,True,True,True
Client_2,Ship_182,2025-03-25,2025-03-29,Product_4,25282,4,Factory_2,Axis_2,Q1B,Type_2_small,29000,23000,2,True,True,True,True
Client_20,Ship_180,2025-03-25,2025-03-28,Product_2,22045,3,Factory_1,Axis_1,Q1A,Type_2_small,29000,23000,1,True,True,True,True
Client_5,Ship_185,2025-03-25,2025-03-30,Product_5,10266,5,Factory_3,Axis_3,Q1C,Type_1_medium,13000,11000,1,True,True,True,True
Client_9,Ship_189,2025-03-25,2025-03-28,Product_8,35854,3,Factory_4,Axis_4,Q2A,Type_2_medium,37000,23000,2,True,True,True,True
Client_10,Ship_190,2025-03-26,2025-03-30,Product_8,41535,4,Factory_4,Axis_4,Q2A,Type_2_large,45000,23000,2,True,True,True,True
Client_8,Ship_188,2025-03-26,2025-03-30,Product_7,34167,4,Factory_4,Axis_4,Q2A,Type_2_medium,37000,23000,2,True,True,True,True
Client_1,Ship_181,2025-03-27,2025-03-30,Product_3,2347,3,Factory_2,Axis_2,Q1B,Type_1_small,5000,11000,1,True,True,True,True
Client_11,Ship_191,2025-03-27,2025-03-30,Product_9,4046,3,Factory_5,Axis_5,Q2B,Type_1_small,5000,11000,1,True,True,True,True
Client_13,Ship_193,2025-03-27,2025-03-30,Product_10,63873,3,Factory_5,Axis_5,Q2B,Type_3_large,69000,35000,2,True,True,True,True
Client_17,Ship_177,2025-03-27,2025-03-30,Product_1,18432,3,Factory_1,Axis_1,Q1A,Type_1_large,21000,11000,2,True,True,True,True
Client_18,Ship_178,2025-03-27,2025-03-30,Product_1,25496,3,Factory_1,Axis_1,Q1A,Type_2_small,29000,23000,2,True,True,True,True
Client_19,Ship_179,2025-03-27,2025-03-30,Product_2,30345,3,Factory_1,Axis_1,Q1A,Type_2_medium,37000,23000,2,True,True,True,True
Client_3,Ship_183,2025-03-27,2025-03-30,Product_4,33676,3,Factory_2,Axis_2,Q1B,Type_2_medium,37000,23000,2,True,True,True,True
Client_6,Ship_186,2025-03-27,2025-03-30,Product_6,10080,3,Factory_3,Axis_3,Q1C,Type_1_medium,13000,11000,1,True,True,True,True
Client_15,Ship_195,2025-03-31,2025-04-05,Product_2,18424,5,Factory_1,Axis_1,Q1A,Type_1_large,21000,11000,2,True,True,True,True
Client_18,Ship_198,2025-03-31,2025-04-06,Product_4,64705,6,Factory_2,Axis_2,Q1B,Type_3_large,69000,35000,2,True,True,True,True
Client_3,Ship_203,2025-03-31,2025-04-05,Product_7,15834,5,Factory_4,Axis_4,Q2A,Type_1_large,21000,11000,2,True,True,True,True
Client_6,Ship_206,2025-03-31,2025-04-05,Product_9,3739,5,Factory_5,Axis_5,Q2B,Type_1_small,5000,11000,1,True,True,True,True
Client_8,Ship_208,2025-03-31,2025-04-06,Product_10,67427,6,Factory_5,Axis_5,Q2B,Type_3_large,69000,35000,2,True,True,True,True
Client_17,Ship_197,2025-04-01,2025-04-06,Product_3,2325,5,Factory_2,Axis_2,Q1B,Type_1_small,5000,11000,1,True,True,True,True
Client_19,Ship_199,2025-04-01,2025-04-05,Product_5,13408,4,Factory_3,Axis_3,Q1C,Type_1_large,21000,11000,2,True,True,True,True
Client_5,Ship_205,2025-04-01,2025-04-06,Product_8,71474,5,Factory_4,Axis_4,Q2A,Type_4_small,77000,47000,2,True,True,True,True
Client_2,Ship_202,2025-04-02,2025-04-05,Product_6,11388,3,Factory_3,Axis_3,Q1C,Type_1_medium,13000,11000,2,True,True,True,True
Client_20,Ship_200,2025-04-02,2025-04-05,Product_5,13130,3,Factory_3,Axis_3,Q1C,Type_1_large,21000,11000,2,True,True,True,True
Client_4,Ship_204,2025-04-02,2025-04-06,Product_7,21287,4,Factory_4,Axis_4,Q2A,Type_2_small,29000,23000,1,True,True,True,True
Client_1,Ship_201,2025-04-03,2025-04-06,Product_6,6190,3,Factory_3,Axis_3,Q1C,Type_1_medium,13000,11000,1,True,True,True,True
Client_14,Ship_194,2025-04-03,2025-04-06,Product_1,36113,3,Factory_1,Axis_1,Q1A,Type_2_medium,37000,23000,2,True,True,True,True
Client_16,Ship_196,2025-04-03,2025-04-06,Product_2,23439,3,Factory_1,Axis_1,Q1A,Type_2_small,29000,23000,2,True,True,True,True
Client_7,Ship_207,2025-04-03,2025-04-06,Product_9,6201,3,Factory_5,Axis_5,Q2B,Type_1_medium,13000,11000,1,True,True,True,True
Client_17,Ship_217,2025-04-07,2025-04-13,Product_7,22139,6,Factory_4,Axis_4,Q2A,Type_2_small,29000,23000,1,True,True,True,True
Client_18,Ship_218,2025-04-07,2025-04-11,Product_8,68971,4,Factory_4,Axis_4,Q2A,Type_3_large,69000,35000,2,True,True,True,True
Client_10,Ship_210,2025-04-08,2025-04-13,Product_2,52348,5,Factory_1,Axis_1,Q1A,Type_3_small,53000,35000,2,True,True,True,True
Client_14,Ship_214,2025-04-08,2025-04-11,Product_5,23113,3,Factory_3,Axis_3,Q1C,Type_2_small,29000,23000,2,True,True,True,True
Client_16,Ship_216,2025-04-08,2025-04-13,Product_7,18115,5,Factory_4,Axis_4,Q2A,Type_1_large,21000,11000,2,True,True,True,True
Client_20,Ship_220,2025-04-08,2025-04-13,Product_10,56003,5,Factory_5,Axis_5,Q2B,Type_3_medium,61000,35000,2,True,True,True,True
Client_11,Ship_211,2025-04-09,2025-04-13,Product_3,2152,4,Factory_2,Axis_2,Q1B,Type_1_small,5000,11000,1,True,True,True,True
Client_12,Ship_212,2025-04-10,2025-04-13,Product_4,34070,3,Factory_2,Axis_2,Q1B,Type_2_medium,37000,23000,2,True,True,True,True
Client_13,Ship_213,2025-04-10,2025-04-13,Product_4,20203,3,Factory_2,Axis_2,Q1B,Type_1_large,21000,11000,2,True,True,True,True
Client_15,Ship_215,2025-04-10,2025-04-13,Product_6,17034,3,Factory_3,Axis_3,Q1C,Type_1_large,21000,11000,2,True,True,True,True
Client_19,Ship_219,2025-04-10,2025-04-13,Product_9,10336,3,Factory_5,Axis_5,Q2B,Type_1_medium,13000,11000,1,True,True,True,True
Client_9,Ship_209,2025-04-10,2025-04-13,Product_1,40339,3,Factory_1,Axis_1,Q1A,Type_2_large,45000,23000,2,True,True,True,True
Client_1,Ship_221,2025-04-14,2025-04-20,Product_1,37916,6,Factory_1,Axis_1,Q1A,Type_2_large,45000,23000,2,True,True,True,True
Client_12,Ship_232,2025-04-14,2025-04-18,Product_8,72503,4,Factory_4,Axis_4,Q2A,Type_4_small,77000,47000,2,True,True,True,True
Client_11,Ship_231,2025-04-15,2025-04-19,Product_7,14659,4,Factory_4,Axis_4,Q2A,Type_1_large,21000,11000,2,True,True,True,True
Client_2,Ship_222,2025-04-15,2025-04-19,Product_2,49177,4,Factory_1,Axis_1,Q1A,Type_3_small,53000,35000,2,True,True,True,True
Client_4,Ship_224,2025-04-15,2025-04-18,Product_4,28350,3,Factory_2,Axis_2,Q1B,Type_2_small,29000,23000,2,True,True,True,True
Client_5,Ship_225,2025-04-15,2025-04-18,Product_4,28064,3,Factory_2,Axis_2,Q1B,Type_2_small,29000,23000,2,True,True,True,True
Client_7,Ship_227,2025-04-15,2025-04-19,Product_5,11272,4,Factory_3,Axis_3,Q1C,Type_1_medium,13000,11000,2,True,True,True,True
Client_9,Ship_229,2025-04-15,2025-04-19,Product_6,6984,4,Factory_3,Axis_3,Q1C,Type_1_medium,13000,11000,1,True,True,True,True
Client_10,Ship_230,2025-04-16,2025-04-19,Product_7,14274,3,Factory_4,Axis_4,Q2A,Type_1_large,21000,11000,2,True,True,True,True
Client_16,Ship_236,2025-04-16,2025-04-19,Product_10,36961,3,Factory_5,Axis_5,Q2B,Type_2_medium,37000,23000,2,True,True,True,True
Client_3,Ship_223,2025-04-16,2025-04-20,Product_3,2664,4,Factory_2,Axis_2,Q1B,Type_1_small,5000,11000,1,True,True,True,True
Client_6,Ship_226,2025-04-16,2025-04-19,Product_5,12980,3,Factory_3,Axis_3,Q1C,Type_1_medium,13000,11000,2,True,True,True,True
Client_8,Ship_228,2025-04-16,2025-04-19,Product_6,9981,3,Factory_3,Axis_3,Q1C,Type_1_medium,13000,11000,1,True,True,True,True
Client_13,Ship_233,2025-04-17,2025-04-20,Product_9,6205,3,Factory_5,Axis_5,Q2B,Type_1_medium,13000,11000,1,True,True,True,True
Client_14,Ship_234,2025-04-17,2025-04-20,Product_9,4168,3,Factory_5,Axis_5,Q2B,Type_1_small,5000,11000,1,True,True,True,True
Client_15,Ship_235,2025-04-17,2025-04-20,Product_10,24066,3,Factory_5,Axis_5,Q2B,Type_2_small,29000,23000,2,True,True,True,True
Client_10,Ship_250,2025-04-21,2025-04-27,Product_10,37107,6,Factory_5,Axis_5,Q2B,Type_2_large,45000,23000,2,True,True,True,True
Client_18,Ship_238,2025-04-21,2025-04-27,Product_2,34686,6,Factory_1,Axis_1,Q1A,Type_2_medium,37000,23000,2,True,True,True,True
Client_6,Ship_246,2025-04-21,2025-04-25,Product_7,14788,4,Factory_4,Axis_4,Q2A,Type_1_large,21000,11000,2,True,True,True,True
Client_8,Ship_248,2025-04-21,2025-04-25,Product_8,78868,4,Factory_4,Axis_4,Q2A,Type_4_medium,85000,47000,2,True,True,True,True
Client_9,Ship_249,2025-04-21,2025-04-25,Product_9,10916,4,Factory_5,Axis_5,Q2B,Type_1_medium,13000,11000,1,True,True,True,True
Client_1,Ship_241,2025-04-22,2025-04-25,Product_4,20067,3,Factory_2,Axis_2,Q1B,Type_1_large,21000,11000,2,True,True,True,True
Client_11,Ship_251,2025-04-22,2025-04-25,Product_10,26312,3,Factory_5,Axis_5,Q2B,Type_2_small,29000,23000,2,True,True,True,True
Client_17,Ship_237,2025-04-22,2025-04-27,Product_1,43594,5,Factory_1,Axis_1,Q1A,Type_2_large,45000,23000,2,True,True,True,True
Client_20,Ship_240,2025-04-22,2025-04-26,Product_3,2651,4,Factory_2,Axis_2,Q1B,Type_1_small,5000,11000,1,True,True,True,True
Client_3,Ship_243,2025-04-22,2025-04-25,Product_5,15316,3,Factory_3,Axis_3,Q1C,Type_1_large,21000,11000,2,True,True,True,True
Client_4,Ship_244,2025-04-22,2025-04-26,Product_5,11240,4,Factory_3,Axis_3,Q1C,Type_1_medium,13000,11000,2,True,True,True,True
Client_2,Ship_242,2025-04-23,2025-04-26,Product_4,29334,3,Factory_2,Axis_2,Q1B,Type_2_medium,37000,23000,2,True,True,True,True
Client_19,Ship_239,2025-04-24,2025-04-27,Product_2,18786,3,Factory_1,Axis_1,Q1A,Type_1_large,21000,11000,2,True,True,True,True
Client_5,Ship_245,2025-04-24,2025-04-27,Product_6,14907,3,Factory_3,Axis_3,Q1C,Type_1_large,21000,11000,2,True,True,True,True
Client_7,Ship_247,2025-04-24,2025-04-27,Product_7,23264,3,Factory_4,Axis_4,Q2A,Type_2_small,29000,23000,2,True,True,True,True
Client_1,Ship_261,2025-04-28,2025-05-01,Product_7,17175,3,Factory_4,Axis_4,Q2A,Type_1_large,21000,11000,2,True,True,True,True
Client_13,Ship_253,2025-04-28,2025-05-01,Product_1,28618,3,Factory_1,Axis_1,Q1A,Type_2_small,29000,23000,2,True,True,True,True
Client_17,Ship_257,2025-04-28,2025-05-01,Product_4,22301,3,Factory_2,Axis_2,Q1B,Type_2_small,29000,23000,1,True,True,True,True
Client_2,Ship_262,2025-04-28,2025-05-03,Product_8,76884,5,Factory_4,Axis_4,Q2A,Type_4_small,77000,47000,2,True,True,True,True
Client_15,Ship_255,2025-04-29,2025-05-04,Product_3,2603,5,Factory_2,Axis_2,Q1B,Type_1_small,5000,11000,1,True,True,True,True
Client_20,Ship_260,2025-04-29,2025-05-04,Product_7,17130,5,Factory_4,Axis_4,Q2A,Type_1_large,21000,11000,2,True,True,True,True
Client_4,Ship_264,2025-04-29,2025-05-03,Product_10,60622,4,Factory_5,Axis_5,Q2B,Type_3_medium,61000,35000,2,True,True,True,True
Client_18,Ship_258,2025-04-30,2025-05-04,Product_5,22927,4,Factory_3,Axis_3,Q1C,Type_2_small,29000,23000,1,True,True,True,True
Client_12,Ship_252,2025-05-01,2025-05-04,Product_1,17135,3,Factory_1,Axis_1,Q1A,Type_1_large,21000,11000,2,True,True,True,True
Client_14,Ship_254,2025-05-01,2025-05-04,Product_2,50624,3,Factory_1,Axis_1,Q1A,Type_3_small,53000,35000,2,True,True,True,True
Client_16,Ship_256,2025-05-01,2025-05-04,Product_4,38825,3,Factory_2,Axis_2,Q1B,Type_2_large,45000,23000,2,True,True,True,True
Client_19,Ship_259,2025-05-01,2025-05-04,Product_6,18166,3,Factory_3,Axis_3,Q1C,Type_1_large,21000,11000,2,True,True,True,True
Client_3,Ship_263,2025-05-01,2025-05-04,Product_9,10298,3,Factory_5,Axis_5,Q2B,Type_1_medium,13000,11000,1,True,True,True,True
Client_12,Ship_272,2025-05-05,2025-05-10,Product_5,11567,5,Factory_3,Axis_3,Q1C,Type_1_medium,13000,11000,2,True,True,True,True
Client_7,Ship_267,2025-05-05,2025-05-09,Product_2,44315,4,Factory_1,Axis_1,Q1A,Type_2_large,45000,23000,2,True,True,True,True
Client_6,Ship_266,2025-05-06,2025-05-09,Product_1,15238,3,Factory_1,Axis_1,Q1A,Type_1_large,21000,11000,2,True,True,True,True
Client_13,Ship_273,2025-05-07,2025-05-11,Product_6,8757,4,Factory_3,Axis_3,Q1C,Type_1_medium,13000,11000,1,True,True,True,True
Client_14,Ship_274,2025-05-07,2025-05-11,Product_6,8074,4,Factory_3,Axis_3,Q1C,Type_1_medium,13000,11000,1,True,True,True,True
Client_15,Ship_275,2025-05-07,2025-05-11,Product_7,33220,4,Factory_4,Axis_4,Q2A,Type_2_medium,37000,23000,2,True,True,True,True
Client_17,Ship_277,2025-05-07,2025-05-11,Product_9,9792,4,Factory_5,Axis_5,Q2B,Type_1_medium,13000,11000,1,True,True,True,True
Client_8,Ship_268,2025-05-07,2025-05-10,Product_3,2268,3,Factory_2,Axis_2,Q1B,Type_1_small,5000,11000,1,True,True,True,True
Client_10,Ship_270,2025-05-08,2025-05-11,Product_4,30701,3,Factory_2,Axis_2,Q1B,Type_2_medium,37000,23000,2,True,True,True,True
Client_11,Ship_271,2025-05-08,2025-05-11,Product_5,11705,3,Factory_3,Axis_3,Q1C,Type_1_medium,13000,11000,2,True,True,True,True
Client_16,Ship_276,2025-05-08,2025-05-11,Product_8,65950,3,Factory_4,Axis_4,Q2A,Type_3_large,69000,35000,2,True,True,True,True
Client_18,Ship_278,2025-05-08,2025-05-11,Product_10,70962,3,Factory_5,Axis_5,Q2B,Type_4_small,77000,47000,2,True,True,True,True
Client_5,Ship_265,2025-05-08,2025-05-11,Product_1,23950,3,Factory_1,Axis_1,Q1A,Type_2_small,29000,23000,2,True,True,True,True
Client_9,Ship_269,2025-05-08,2025-05-11,Product_4,28677,3,Factory_2,Axis_2,Q1B,Type_2_small,29000,23000,2,True,True,True,True
Client_1,Ship_281,2025-05-12,2025-05-15,Product_2,22784,3,Factory_1,Axis_1,Q1A,Type_2_small,29000,23000,1,True,True,True,True
Client_11,Ship_291,2025-05-12,2025-05-17,Product_8,37951,5,Factory_4,Axis_4,Q2A,Type_2_large,45000,23000,2,True,True,True,True
Client_13,Ship_293,2025-05-13,2025-05-17,Product_9,4761,4,Factory_5,Axis_5,Q2B,Type_1_small,5000,11000,1,True,True,True,True
Client_19,Ship_279,2025-05-13,2025-05-17,Product_1,47094,4,Factory_1,Axis_1,Q1A,Type_3_small,53000,35000,2,True,True,True,True
Client_2,Ship_282,2025-05-13,2025-05-18,Product_3,2279,5,Factory_2,Axis_2,Q1B,Type_1_small,5000,11000,1,True,True,True,True
Client_5,Ship_285,2025-05-13,2025-05-16,Product_5,10678,3,Factory_3,Axis_3,Q1C,Type_1_medium,13000,11000,1,True,True,True,True
Client_12,Ship_292,2025-05-14,2025-05-17,Product_9,5142,3,Factory_5,Axis_5,Q2B,Type_1_medium,13000,11000,1,True,True,True,True
Client_20,Ship_280,2025-05-14,2025-05-18,Product_2,20962,4,Factory_1,Axis_1,Q1A,Type_1_large,21000,11000,2,True,True,True,True
Client_3,Ship_283,2025-05-14,2025-05-17,Product_4,52683,3,Factory_2,Axis_2,Q1B,Type_3_small,53000,35000,2,True,True,True,True
Client_6,Ship_286,2025-05-14,2025-05-18,Product_6,10642,4,Factory_3,Axis_3,Q1C,Type_1_medium,13000,11000,1,True,True,True,True
Client_8,Ship_288,2025-05-14,2025-05-18,Product_7,14312,4,Factory_4,Axis_4,Q2A,Type_1_large,21000,11000,2,True,True,True,True
Client_10,Ship_290,2025-05-15,2025-05-18,Product_8,37845,3,Factory_4,Axis_4,Q2A,Type_2_large,45000,23000,2,True,True,True,True
Client_14,Ship_294,2025-05-15,2025-05-18,Product_10,71734,3,Factory_5,Axis_5,Q2B,Type_4_small,77000,47000,2,True,True,True,True
Client_4,Ship_284,2025-05-15,2025-05-18,Product_5,16174,3,Factory_3,Axis_3,Q1C,Type_1_large,21000,11000,2,True,True,True,True
Client_7,Ship_287,2025-05-15,2025-05-18,Product_6,7600,3,Factory_3,Axis_3,Q1C,Type_1_medium,13000,11000,1,True,True,True,True
Client_9,Ship_289,2025-05-15,2025-05-18,Product_7,20622,3,Factory_4,Axis_4,Q2A,Type_1_large,21000,11000,2,True,True,True,True
Client_1,Ship_301,2025-05-19,2025-05-25,Product_6,7200,6,Factory_3,Axis_3,Q1C,Type_1_medium,13000,11000,1,True,True,True,True
Client_18,Ship_298,2025-05-19,2025-05-24,Product_3,2051,5,Factory_2,Axis_2,Q1B,Type_1_small,5000,11000,1,True,True,True,True
Client_4,Ship_304,2025-05-19,2025-05-23,Product_7,17672,4,Factory_4,Axis_4,Q2A,Type_1_large,21000,11000,2,True,True,True,True
Client_7,Ship_307,2025-05-19,2025-05-25,Product_9,4008,6,Factory_5,Axis_5,Q2B,Type_1_small,5000,11000,1,True,True,True,True
Client_8,Ship_308,2025-05-19,2025-05-24,Product_10,64531,5,Factory_5,Axis_5,Q2B,Type_3_large,69000,35000,2,True,True,True,True
Client_15,Ship_295,2025-05-20,2025-05-23,Product_1,26566,3,Factory_1,Axis_1,Q1A,Type_2_small,29000,23000,2,True,True,True,True
Client_17,Ship_297,2025-05-20,2025-05-24,Product_2,47699,4,Factory_1,Axis_1,Q1A,Type_3_small,53000,35000,2,True,True,True,True
Client_20,Ship_300,2025-05-20,2025-05-24,Product_5,27092,4,Factory_3,Axis_3,Q1C,Type_2_small,29000,23000,2,True,True,True,True
Client_3,Ship_303,2025-05-20,2025-05-25,Product_7,20779,5,Factory_4,Axis_4,Q2A,Type_1_large,21000,11000,2,True,True,True,True
Client_19,Ship_299,2025-05-21,2025-05-24,Product_4,61508,3,Factory_2,Axis_2,Q1B,Type_3_large,69000,35000,2,True,True,True,True
Client_6,Ship_306,2025-05-21,2025-05-24,Product_9,6636,3,Factory_5,Axis_5,Q2B,Type_1_medium,13000,11000,1,True,True,True,True
Client_16,Ship_296,2025-05-22,2025-05-25,Product_1,14568,3,Factory_1,Axis_1,Q1A,Type_1_large,21000,11000,2,True,True,True,True
Client_2,Ship_302,2025-05-22,2025-05-25,Product_6,12267,3,Factory_3,Axis_3,Q1C,Type_1_medium,13000,11000,2,True,True,True,True
Client_5,Ship_305,2025-05-22,2025-05-25,Product_8,74864,3,Factory_4,Axis_4,Q2A,Type_4_small,77000,47000,2,True,True,True,True
Client_10,Ship_310,2025-05-26,2025-05-29,Product_1,16484,3,Factory_1,Axis_1,Q1A,Type_1_large,21000,11000,2,True,True,True,True
Client_11,Ship_311,2025-05-26,2025-06-01,Product_2,51680,6,Factory_1,Axis_1,Q1A,Type_3_small,53000,35000,2,True,True,True,True
Client_2,Ship_322,2025-05-26,2025-05-30,Product_9,4694,4,Factory_5,Axis_5,Q2B,Type_1_small,5000,11000,1,True,True,True,True
Client_20,Ship_320,2025-05-26,2025-05-31,Product_8,41074,5,Factory_4,Axis_4,Q2A,Type_2_large,45000,23000,2,True,True,True,True
Client_13,Ship_313,2025-05-27,2025-06-01,Product_4,51012,5,Factory_2,Axis_2,Q1B,Type_3_small,53000,35000,2,True,True,True,True
Client_14,Ship_314,2025-05-27,2025-05-31,Product_5,25815,4,Factory_3,Axis_3,Q1C,Type_2_small,29000,23000,2,True,True,True,True
Client_17,Ship_317,2025-05-27,2025-05-31,Product_7,13084,4,Factory_4,Axis_4,Q2A,Type_1_large,21000,11000,2,True,True,True,True
Client_18,Ship_318,2025-05-27,2025-05-30,Product_7,18049,3,Factory_4,Axis_4,Q2A,Type_1_large,21000,11000,2,True,True,True,True
Client_19,Ship_319,2025-05-27,2025-05-30,Product_8,24683,3,Factory_4,Axis_4,Q2A,Type_2_small,29000,23000,2,True,True,True,True
Client_4,Ship_324,2025-05-28,2025-05-31,Product_10,42424,3,Factory_5,Axis_5,Q2B,Type_2_large,45000,23000,2,True,True,True,True
Client_9,Ship_309,2025-05-28,2025-05-31,Product_1,22690,3,Factory_1,Axis_1,Q1A,Type_2_small,29000,23000,1,True,True,True,True
Client_1,Ship_321,2025-05-29,2025-06-01,Product_9,5419,3,Factory_5,Axis_5,Q2B,Type_1_medium,13000,11000,1,True,True,True,True
Client_12,Ship_312,2025-05-29,2025-06-01,Product_3,2265,3,Factory_2,Axis_2,Q1B,Type_1_small,5000,11000,1,True,True,True,True
Client_15,Ship_315,2025-05-29,2025-06-01,Product_6,8411,3,Factory_3,Axis_3,Q1C,Type_1_medium,13000,11000,1,True,True,True,True
Client_16,Ship_316,2025-05-29,2025-06-01,Product_6,9504,3,Factory_3,Axis_3,Q1C,Type_1_medium,13000,11000,1,True,True,True,True
Client_3,Ship_323,2025-05-29,2025-06-01,Product_10,25378,3,Factory_5,Axis_5,Q2B,Type_2_small,29000,23000,2,True,True,True,True
Client_13,Ship_333,2025-06-02,2025-06-05,Product_7,16504,3,Factory_4,Axis_4,Q2A,Type_1_large,21000,11000,2,True,True,True,True
Client_14,Ship_334,2025-06-02,2025-06-05,Product_7,20413,3,Factory_4,Axis_4,Q2A,Type_1_large,21000,11000,2,True,True,True,True
Client_7,Ship_327,2025-06-02,2025-06-07,Product_2,49740,5,Factory_1,Axis_1,Q1A,Type_3_small,53000,35000,2,True,True,True,True
Client_12,Ship_332,2025-06-03,2025-06-08,Product_6,7419,5,Factory_3,Axis_3,Q1C,Type_1_medium,13000,11000,1,True,True,True,True
Client_16,Ship_336,2025-06-03,2025-06-08,Product_9,9411,5,Factory_5,Axis_5,Q2B,Type_1_medium,13000,11000,1,True,True,True,True
Client_6,Ship_326,2025-06-03,2025-06-08,Product_1,16938,5,Factory_1,Axis_1,Q1A,Type_1_large,21000,11000,2,True,True,True,True
Client_8,Ship_328,2025-06-03,2025-06-07,Product_4,25864,4,Factory_2,Axis_2,Q1B,Type_2_small,29000,23000,2,True,True,True,True
Client_17,Ship_337,2025-06-04,2025-06-08,Product_10,43124,4,Factory_5,Axis_5,Q2B,Type_2_large,45000,23000,2,True,True,True,True
Client_10,Ship_330,2025-06-05,2025-06-08,Product_5,25653,3,Factory_3,Axis_3,Q1C,Type_2_small,29000,23000,2,True,True,True,True
Client_11,Ship_331,2025-06-05,2025-06-08,Product_6,9146,3,Factory_3,Axis_3,Q1C,Type_1_medium,13000,11000,1,True,True,True,True
Client_15,Ship_335,2025-06-05,2025-06-08,Product_8,66406,3,Factory_4,Axis_4,Q2A,Type_3_large,69000,35000,2,True,True,True,True
Client_18,Ship_338,2025-06-05,2025-06-08,Product_10,23683,3,Factory_5,Axis_5,Q2B,Type_2_small,29000,23000,2,True,True,True,True
Client_5,Ship_325,2025-06-05,2025-06-08,Product_1,21292,3,Factory_1,Axis_1,Q1A,Type_2_small,29000,23000,1,True,True,True,True
Client_9,Ship_329,2025-06-05,2025-06-08,Product_4,31363,3,Factory_2,Axis_2,Q1B,Type_2_medium,37000,23000,2,True,True,True,True
Client_11,Ship_351,2025-06-09,2025-06-14,Product_10,70540,5,Factory_5,Axis_5,Q2B,Type_4_small,77000,47000,2,True,True,True,True
Client_6,Ship_346,2025-06-09,2025-06-13,Product_7,15532,4,Factory_4,Axis_4,Q2A,Type_1_large,21000,11000,2,True,True,True,True
Client_7,Ship_347,2025-06-09,2025-06-13,Product_7,17411,4,Factory_4,Axis_4,Q2A,Type_1_large,21000,11000,2,True,True,True,True
Client_3,Ship_343,2025-06-10,2025-06-15,Product_4,57274,5,Factory_2,Axis_2,Q1B,Type_3_medium,61000,35000,2,True,True,True,True
Client_8,Ship_348,2025-06-10,2025-06-14,Product_8,33531,4,Factory_4,Axis_4,Q2A,Type_2_medium,37000,23000,2,True,True,True,True
Client_9,Ship_349,2025-06-10,2025-06-15,Product_8,36943,5,Factory_4,Axis_4,Q2A,Type_2_medium,37000,23000,2,True,True,True,True
Client_1,Ship_341,2025-06-11,2025-06-15,Product_2,43786,4,Factory_1,Axis_1,Q1A,Type_2_large,45000,23000,2,True,True,True,True
Client_10,Ship_350,2025-06-11,2025-06-15,Product_9,10167,4,Factory_5,Axis_5,Q2B,Type_1_medium,13000,11000,1,True,True,True,True
Client_4,Ship_344,2025-06-11,2025-06-15,Product_5,25926,4,Factory_3,Axis_3,Q1C,Type_2_small,29000,23000,2,True,True,True,True
Client_19,Ship_339,2025-06-12,2025-06-15,Product_1,22822,3,Factory_1,Axis_1,Q1A,Type_2_small,29000,23000,1,True,True,True,True
Client_2,Ship_342,2025-06-12,2025-06-15,Product_3,2300,3,Factory_2,Axis_2,Q1B,Type_1_small,5000,11000,1,True,True,True,True
Client_20,Ship_340,2025-06-12,2025-06-15,Product_1,16016,3,Factory_1,Axis_1,Q1A,Type_1_large,21000,11000,2,True,True,True,True
Client_5,Ship_345,2025-06-12,2025-06-15,Product_6,18495,3,Factory_3,Axis_3,Q1C,Type_1_large,21000,11000,2,True,True,True,True
Client_15,Ship_355,2025-06-16,2025-06-19,Product_4,61668,3,Factory_2,Axis_2,Q1B,Type_3_large,69000,35000,2,True,True,True,True
Client_17,Ship_357,2025-06-16,2025-06-21,Product_5,12547,5,Factory_3,Axis_3,Q1C,Type_1_medium,13000,11000,2,True,True,True,True
Client_18,Ship_358,2025-06-16,2025-06-21,Product_6,17821,5,Factory_3,Axis_3,Q1C,Type_1_large,21000,11000,2,True,True,True,True
Client_2,Ship_362,2025-06-16,2025-06-22,Product_8,29337,6,Factory_4,Axis_4,Q2A,Type_2_medium,37000,23000,2,True,True,True,True
Client_19,Ship_359,2025-06-17,2025-06-22,Product_7,15405,5,Factory_4,Axis_4,Q2A,Type_1_large,21000,11000,2,True,True,True,True
Client_20,Ship_360,2025-06-17,2025-06-21,Product_7,21214,4,Factory_4,Axis_4,Q2A,Type_2_small,29000,23000,1,True,True,True,True
Client_5,Ship_365,2025-06-17,2025-06-21,Product_10,34426,4,Factory_5,Axis_5,Q2B,Type_2_medium,37000,23000,2,True,True,True,True
Client_1,Ship_361,2025-06-18,2025-06-22,Product_8,34757,4,Factory_4,Axis_4,Q2A,Type_2_medium,37000,23000,2,True,True,True,True
Client_12,Ship_352,2025-06-18,2025-06-22,Product_1,37138,4,Factory_1,Axis_1,Q1A,Type_2_large,45000,23000,2,True,True,True,True
Client_14,Ship_354,2025-06-18,2025-06-21,Product_3,2501,3,Factory_2,Axis_2,Q1B,Type_1_small,5000,11000,1,True,True,True,True
Client_16,Ship_356,2025-06-18,2025-06-22,Product_5,12484,4,Factory_3,Axis_3,Q1C,Type_1_medium,13000,11000,2,True,True,True,True
Client_13,Ship_353,2025-06-19,2025-06-22,Product_2,40776,3,Factory_1,Axis_1,Q1A,Type_2_large,45000,23000,2,True,True,True,True
Client_3,Ship_363,2025-06-19,2025-06-22,Product_9,10680,3,Factory_5,Axis_5,Q2B,Type_1_medium,13000,11000,1,True,True,True,True
Client_4,Ship_364,2025-06-19,2025-06-22,Product_10,24293,3,Factory_5,Axis_5,Q2B,Type_2_small,29000,23000,2,True,True,True,True
Client_12,Ship_372,2025-06-23,2025-06-29,Product_5,8568,6,Factory_3,Axis_3,Q1C,Type_1_medium,13000,11000,1,True,True,True,True
Client_16,Ship_376,2025-06-23,2025-06-28,Product_7,11628,5,Factory_4,Axis_4,Q2A,Type_1_medium,13000,11000,2,True,True,True,True
Client_18,Ship_378,2025-06-23,2025-06-27,Product_9,10086,4,Factory_5,Axis_5,Q2B,Type_1_medium,13000,11000,1,True,True,True,True
Client_6,Ship_366,2025-06-23,2025-06-29,Product_1,40499,6,Factory_1,Axis_1,Q1A,Type_2_large,45000,23000,2,True,True,True,True
Client_10,Ship_370,2025-06-24,2025-06-29,Product_4,56164,5,Factory_2,Axis_2,Q1B,Type_3_medium,61000,35000,2,True,True,True,True
Client_7,Ship_367,2025-06-24,2025-06-27,Product_2,27545,3,Factory_1,Axis_1,Q1A,Type_2_small,29000,23000,2,True,True,True,True
Client_9,Ship_369,2025-06-24,2025-06-28,Product_3,2160,4,Factory_2,Axis_2,Q1B,Type_1_small,5000,11000,1,True,True,True,True
Client_14,Ship_374,2025-06-25,2025-06-29,Product_6,8653,4,Factory_3,Axis_3,Q1C,Type_1_medium,13000,11000,1,True,True,True,True
Client_15,Ship_375,2025-06-25,2025-06-28,Product_7,20535,3,Factory_4,Axis_4,Q2A,Type_1_large,21000,11000,2,True,True,True,True
Client_17,Ship_377,2025-06-25,2025-06-28,Product_8,73011,3,Factory_4,Axis_4,Q2A,Type_4_small,77000,47000,2,True,True,True,True
Client_8,Ship_368,2025-06-25,2025-06-29,Product_2,18974,4,Factory_1,Axis_1,Q1A,Type_1_large,21000,11000,2,True,True,True,True
Client_11,Ship_371,2025-06-26,2025-06-29,Product_5,13510,3,Factory_3,Axis_3,Q1C,Type_1_large,21000,11000,2,True,True,True,True
Client_13,Ship_373,2025-06-26,2025-06-29,Product_6,8749,3,Factory_3,Axis_3,Q1C,Type_1_medium,13000,11000,1,True,True,True,True
Client_19,Ship_379,2025-06-26,2025-06-29,Product_10,65772,3,Factory_5,Axis_5,Q2B,Type_3_large,69000,35000,2,True,True,True,True
Client_3,Ship_383,2025-06-30,2025-07-05,Product_2,29573,5,Factory_1,Axis_1,Q1A,Type_2_medium,37000,23000,2,True,True,True,True
Client_4,Ship_384,2025-06-30,2025-07-04,Product_3,2322,4,Factory_2,Axis_2,Q1B,Type_1_small,5000,11000,1,True,True,True,True
Client_5,Ship_385,2025-06-30,2025-07-06,Product_4,47703,6,Factory_2,Axis_2,Q1B,Type_3_small,53000,35000,2,True,True,True,True
Client_1,Ship_381,2025-07-01,2025-07-06,Product_1,23583,5,Factory_1,Axis_1,Q1A,Type_2_small,29000,23000,2,True,True,True,True
Client_20,Ship_380,2025-07-01,2025-07-05,Product_1,15566,4,Factory_1,Axis_1,Q1A,Type_1_large,21000,11000,2,True,True,True,True
Client_6,Ship_386,2025-07-01,2025-07-06,Product_5,23020,5,Factory_3,Axis_3,Q1C,Type_2_small,29000,23000,2,True,True,True,True
Client_8,Ship_388,2025-07-01,2025-07-05,Product_7,31414,4,Factory_4,Axis_4,Q2A,Type_2_medium,37000,23000,2,True,True,True,True
Client_9,Ship_389,2025-07-01,2025-07-06,Product_8,67714,5,Factory_4,Axis_4,Q2A,Type_3_large,69000,35000,2,True,True,True,True
Client_11,Ship_391,2025-07-02,2025-07-05,Product_10,59669,3,Factory_5,Axis_5,Q2B,Type_3_medium,61000,35000,2,True,True,True,True
Client_10,Ship_390,2025-07-03,2025-07-06,Product_9,9393,3,Factory_5,Axis_5,Q2B,Type_1_medium,13000,11000,1,True,True,True,True
Client_2,Ship_382,2025-07-03,2025-07-06,Product_2,20335,3,Factory_1,Axis_1,Q1A,Type_1_large,21000,11000,2,True,True,True,True
Client_7,Ship_387,2025-07-03,2025-07-06,Product_6,18333,3,Factory_3,Axis_3,Q1C,Type_1_large,21000,11000,2,True,True,True,True
Client_1,Ship_401,2025-07-07,2025-07-11,Product_7,10836,4,Factory_4,Axis_4,Q2A,Type_1_medium,13000,11000,1,True,True,True,True
Client_14,Ship_394,2025-07-07,2025-07-13,Product_2,42140,6,Factory_1,Axis_1,Q1A,Type_2_large,45000,23000,2,True,True,True,True
Client_17,Ship_397,2025-07-07,2025-07-13,Product_5,10533,6,Factory_3,Axis_3,Q1C,Type_1_medium,13000,11000,1,True,True,True,True
Client_18,Ship_398,2025-07-07,2025-07-11,Product_5,10783,4,Factory_3,Axis_3,Q1C,Type_1_medium,13000,11000,1,True,True,True,True
Client_20,Ship_400,2025-07-07,2025-07-10,Product_7,19065,3,Factory_4,Axis_4,Q2A,Type_1_large,21000,11000,2,True,True,True,True
Client_12,Ship_392,2025-07-08,2025-07-11,Product_1,18368,3,Factory_1,Axis_1,Q1A,Type_1_large,21000,11000,2,True,True,True,True
Client_13,Ship_393,2025-07-08,2025-07-12,Product_1,19017,4,Factory_1,Axis_1,Q1A,Type_1_large,21000,11000,2,True,True,True,True
Client_16,Ship_396,2025-07-08,2025-07-11,Product_4,55120,3,Factory_2,Axis_2,Q1B,Type_3_medium,61000,35000,2,True,True,True,True
Client_2,Ship_402,2025-07-08,2025-07-11,Product_8,66824,3,Factory_4,Axis_4,Q2A,Type_3_large,69000,35000,2,True,True,True,True
Client_15,Ship_395,2025-07-09,2025-07-13,Product_3,2250,4,Factory_2,Axis_2,Q1B,Type_1_small,5000,11000,1,True,True,True,True
Client_4,Ship_404,2025-07-09,2025-07-12,Product_9,5115,3,Factory_5,Axis_5,Q2B,Type_1_medium,13000,11000,1,True,True,True,True
Client_5,Ship_405,2025-07-09,2025-07-13,Product_10,62070,4,Factory_5,Axis_5,Q2B,Type_3_large,69000,35000,2,True,True,True,True
Client_19,Ship_399,2025-07-10,2025-07-13,Product_6,16892,3,Factory_3,Axis_3,Q1C,Type_1_large,21000,11000,2,True,True,True,True
Client_3,Ship_403,2025-07-10,2025-07-13,Product_9,4532,3,Factory_5,Axis_5,Q2B,Type_1_small,5000,11000,1,True,True,True,True
Client_1,Ship_421,2025-07-14,2025-07-19,Product_10,59936,5,Factory_5,Axis_5,Q2B,Type_3_medium,61000,35000,2,True,True,True,True
Client_11,Ship_411,2025-07-14,2025-07-17,Product_4,28419,3,Factory_2,Axis_2,Q1B,Type_2_small,29000,23000,2,True,True,True,True
Client_15,Ship_415,2025-07-14,2025-07-17,Product_6,5314,3,Factory_3,Axis_3,Q1C,Type_1_medium,13000,11000,1,True,True,True,True
Client_18,Ship_418,2025-07-14,2025-07-17,Product_8,36035,3,Factory_4,Axis_4,Q2A,Type_2_medium,37000,23000,2,True,True,True,True
Client_7,Ship_407,2025-07-14,2025-07-20,Product_1,17646,6,Factory_1,Axis_1,Q1A,Type_1_large,21000,11000,2,True,True,True,True
Client_9,Ship_409,2025-07-14,2025-07-17,Product_3,2451,3,Factory_2,Axis_2,Q1B,Type_1_small,5000,11000,1,True,True,True,True
Client_19,Ship_419,2025-07-15,2025-07-20,Product_8,34292,5,Factory_4,Axis_4,Q2A,Type_2_medium,37000,23000,2,True,True,True,True
Client_20,Ship_420,2025-07-16,2025-07-20,Product_9,9727,4,Factory_5,Axis_5,Q2B,Type_1_medium,13000,11000,1,True,True,True,True
Client_6,Ship_406,2025-07-16,2025-07-20,Product_1,19752,4,Factory_1,Axis_1,Q1A,Type_1_large,21000,11000,2,True,True,True,True
Client_8,Ship_408,2025-07-16,2025-07-20,Product_2,45974,4,Factory_1,Axis_1,Q1A,Type_3_small,53000,35000,2,True,True,True,True
Client_10,Ship_410,2025-07-17,2025-07-20,Product_4,19101,3,Factory_2,Axis_2,Q1B,Type_1_large,21000,11000,2,True,True,True,True
Client_12,Ship_412,2025-07-17,2025-07-20,Product_5,15133,3,Factory_3,Axis_3,Q1C,Type_1_large,21000,11000,2,True,True,True,True
Client_13,Ship_413,2025-07-17,2025-07-20,Product_5,10482,3,Factory_3,Axis_3,Q1C,Type_1_medium,13000,11000,1,True,True,True,True
Client_14,Ship_414,2025-07-17,2025-07-20,Product_6,9383,3,Factory_3,Axis_3,Q1C,Type_1_medium,13000,11000,1,True,True,True,True
Client_16,Ship_416,2025-07-17,2025-07-20,Product_7,14194,3,Factory_4,Axis_4,Q2A,Type_1_large,21000,11000,2,True,True,True,True
Client_17,Ship_417,2025-07-17,2025-07-20,Product_7,12558,3,Factory_4,Axis_4,Q2A,Type_1_medium,13000,11000,2,True,True,True,True
Client_16,Ship_436,2025-07-21,2025-07-27,Product_10,34305,6,Factory_5,Axis_5,Q2B,Type_2_medium,37000,23000,2,True,True,True,True
Client_3,Ship_423,2025-07-21,2025-07-26,Product_2,25731,5,Factory_1,Axis_1,Q1A,Type_2_small,29000,23000,2,True,True,True,True
Client_4,Ship_424,2025-07-21,2025-07-24,Product_2,18768,3,Factory_1,Axis_1,Q1A,Type_1_large,21000,11000,2,True,True,True,True
Client_6,Ship_426,2025-07-21,2025-07-25,Product_4,47292,4,Factory_2,Axis_2,Q1B,Type_3_small,53000,35000,2,True,True,True,True
Client_8,Ship_428,2025-07-21,2025-07-27,Product_5,9878,6,Factory_3,Axis_3,Q1C,Type_1_medium,13000,11000,1,True,True,True,True
Client_10,Ship_430,2025-07-22,2025-07-25,Product_7,14927,3,Factory_4,Axis_4,Q2A,Type_1_large,21000,11000,2,True,True,True,True
Client_11,Ship_431,2025-07-22,2025-07-25,Product_7,15288,3,Factory_4,Axis_4,Q2A,Type_1_large,21000,11000,2,True,True,True,True
Client_13,Ship_433,2025-07-22,2025-07-27,Product_8,33196,5,Factory_4,Axis_4,Q2A,Type_2_medium,37000,23000,2,True,True,True,True
Client_14,Ship_434,2025-07-22,2025-07-26,Product_9,4773,4,Factory_5,Axis_5,Q2B,Type_1_small,5000,11000,1,True,True,True,True
Client_12,Ship_432,2025-07-23,2025-07-26,Product_8,27577,3,Factory_4,Axis_4,Q2A,Type_2_small,29000,23000,2,True,True,True,True
Client_17,Ship_437,2025-07-23,2025-07-27,Product_10,25804,4,Factory_5,Axis_5,Q2B,Type_2_small,29000,23000,2,True,True,True,True
Client_2,Ship_422,2025-07-23,2025-07-27,Product_1,34070,4,Factory_1,Axis_1,Q1A,Type_2_medium,37000,23000,2,True,True,True,True
Client_7,Ship_427,2025-07-23,2025-07-26,Product_5,11987,3,Factory_3,Axis_3,Q1C,Type_1_medium,13000,11000,2,True,True,True,True
Client_9,Ship_429,2025-07-23,2025-07-27,Product_6,16862,4,Factory_3,Axis_3,Q1C,Type_1_large,21000,11000,2,True,True,True,True
Client_15,Ship_435,2025-07-24,2025-07-27,Product_9,4609,3,Factory_5,Axis_5,Q2B,Type_1_small,5000,11000,1,True,True,True,True
Client_5,Ship_425,2025-07-24,2025-07-27,Product_3,2367,3,Factory_2,Axis_2,Q1B,Type_1_small,5000,11000,1,True,True,True,True
Client_1,Ship_441,2025-07-28,2025-08-03,Product_2,24073,6,Factory_1,Axis_1,Q1A,Type_2_small,29000,23000,2,True,True,True,True
Client_2,Ship_442,2025-07-28,2025-07-31,Product_3,2070,3,Factory_2,Axis_2,Q1B,Type_1_small,5000,11000,1,True,True,True,True
Client_3,Ship_443,2025-07-28,2025-07-31,Product_4,48938,3,Factory_2,Axis_2,Q1B,Type_3_small,53000,35000,2,True,True,True,True
Client_5,Ship_445,2025-07-28,2025-08-01,Product_5,13989,4,Factory_3,Axis_3,Q1C,Type_1_large,21000,11000,2,True,True,True,True
Client_7,Ship_447,2025-07-28,2025-08-03,Product_7,15814,6,Factory_4,Axis_4,Q2A,Type_1_large,21000,11000,2,True,True,True,True
Client_18,Ship_438,2025-07-29,2025-08-03,Product_1,21007,5,Factory_1,Axis_1,Q1A,Type_2_small,29000,23000,1,True,True,True,True
Client_19,Ship_439,2025-07-29,2025-08-01,Product_1,18163,3,Factory_1,Axis_1,Q1A,Type_1_large,21000,11000,2,True,True,True,True
Client_10,Ship_450,2025-07-30,2025-08-03,Product_9,4390,4,Factory_5,Axis_5,Q2B,Type_1_small,5000,11000,1,True,True,True,True
Client_11,Ship_451,2025-07-30,2025-08-02,Product_9,4757,3,Factory_5,Axis_5,Q2B,Type_1_small,5000,11000,1,True,True,True,True
Client_12,Ship_452,2025-07-30,2025-08-02,Product_10,61205,3,Factory_5,Axis_5,Q2B,Type_3_large,69000,35000,2,True,True,True,True
Client_20,Ship_440,2025-07-30,2025-08-03,Product_2,13287,4,Factory_1,Axis_1,Q1A,Type_1_large,21000,11000,2,True,True,True,True
Client_4,Ship_444,2025-07-30,2025-08-03,Product_5,7878,4,Factory_3,Axis_3,Q1C,Type_1_medium,13000,11000,1,True,True,True,True
Client_6,Ship_446,2025-07-30,2025-08-03,Product_6,16781,4,Factory_3,Axis_3,Q1C,Type_1_large,21000,11000,2,True,True,True,True
Client_9,Ship_449,2025-07-30,2025-08-03,Product_8,67529,4,Factory_4,Axis_4,Q2A,Type_3_large,69000,35000,2,True,True,True,True
Client_8,Ship_448,2025-07-31,2025-08-03,Product_7,10072,3,Factory_4,Axis_4,Q2A,Type_1_medium,13000,11000,1,True,True,True,True
Client_1,Ship_461,2025-08-04,2025-08-10,Product_7,18262,6,Factory_4,Axis_4,Q2A,Type_1_large,21000,11000,2,True,True,True,True
Client_15,Ship_455,2025-08-04,2025-08-10,Product_3,2152,6,Factory_2,Axis_2,Q1B,Type_1_small,5000,11000,1,True,True,True,True
Client_18,Ship_458,2025-08-04,2025-08-08,Product_5,21837,4,Factory_3,Axis_3,Q1C,Type_2_small,29000,23000,1,True,True,True,True
Client_3,Ship_463,2025-08-04,2025-08-07,Product_8,32567,3,Factory_4,Axis_4,Q2A,Type_2_medium,37000,23000,2,True,True,True,True
Client_19,Ship_459,2025-08-05,2025-08-10,Product_6,6239,5,Factory_3,Axis_3,Q1C,Type_1_medium,13000,11000,1,True,True,True,True
Client_2,Ship_462,2025-08-05,2025-08-10,Product_7,11656,5,Factory_4,Axis_4,Q2A,Type_1_medium,13000,11000,2,True,True,True,True
Client_4,Ship_464,2025-08-05,2025-08-10,Product_8,35447,5,Factory_4,Axis_4,Q2A,Type_2_medium,37000,23000,2,True,True,True,True
Client_5,Ship_465,2025-08-05,2025-08-10,Product_9,9458,5,Factory_5,Axis_5,Q2B,Type_1_medium,13000,11000,1,True,True,True,True
Client_13,Ship_453,2025-08-06,2025-08-10,Product_1,37064,4,Factory_1,Axis_1,Q1A,Type_2_large,45000,23000,2,True,True,True,True
Client_14,Ship_454,2025-08-06,2025-08-09,Product_2,40869,3,Factory_1,Axis_1,Q1A,Type_2_large,45000,23000,2,True,True,True,True
Client_16,Ship_456,2025-08-06,2025-08-09,Product_4,19121,3,Factory_2,Axis_2,Q1B,Type_1_large,21000,11000,2,True,True,True,True
Client_17,Ship_457,2025-08-07,2025-08-10,Product_4,31038,3,Factory_2,Axis_2,Q1B,Type_2_medium,37000,23000,2,True,True,True,True
Client_20,Ship_460,2025-08-07,2025-08-10,Product_6,10071,3,Factory_3,Axis_3,Q1C,Type_1_medium,13000,11000,1,True,True,True,True
Client_6,Ship_466,2025-08-07,2025-08-10,Product_10,56941,3,Factory_5,Axis_5,Q2B,Type_3_medium,61000,35000,2,True,True,True,True
Client_14,Ship_474,2025-08-11,2025-08-15,Product_5,7254,4,Factory_3,Axis_3,Q1C,Type_1_medium,13000,11000,1,True,True,True,True
Client_8,Ship_468,2025-08-11,2025-08-15,Product_1,15008,4,Factory_1,Axis_1,Q1A,Type_1_large,21000,11000,2,True,True,True,True
Client_1,Ship_481,2025-08-12,2025-08-15,Product_10,33930,3,Factory_5,Axis_5,Q2B,Type_2_medium,37000,23000,2,True,True,True,True
Client_11,Ship_471,2025-08-12,2025-08-15,Product_4,28692,3,Factory_2,Axis_2,Q1B,Type_2_small,29000,23000,2,True,True,True,True
Client_18,Ship_478,2025-08-12,2025-08-17,Product_8,36457,5,Factory_4,Axis_4,Q2A,Type_2_medium,37000,23000,2,True,True,True,True
Client_2,Ship_482,2025-08-12,2025-08-17,Product_10,23536,5,Factory_5,Axis_5,Q2B,Type_2_small,29000,23000,2,True,True,True,True
Client_10,Ship_470,2025-08-13,2025-08-16,Product_3,2202,3,Factory_2,Axis_2,Q1B,Type_1_small,5000,11000,1,True,True,True,True
Client_13,Ship_473,2025-08-13,2025-08-16,Product_5,13427,3,Factory_3,Axis_3,Q1C,Type_1_large,21000,11000,2,True,True,True,True
Client_16,Ship_476,2025-08-13,2025-08-17,Product_7,15124,4,Factory_4,Axis_4,Q2A,Type_1_large,21000,11000,2,True,True,True,True
Client_17,Ship_477,2025-08-13,2025-08-17,Product_7,11667,4,Factory_4,Axis_4,Q2A,Type_1_medium,13000,11000,2,True,True,True,True
Client_19,Ship_479,2025-08-13,2025-08-17,Product_8,28076,4,Factory_4,Axis_4,Q2A,Type_2_small,29000,23000,2,True,True,True,True
Client_20,Ship_480,2025-08-13,2025-08-16,Product_9,9490,3,Factory_5,Axis_5,Q2B,Type_1_medium,13000,11000,1,True,True,True,True
Client_12,Ship_472,2025-08-14,2025-08-17,Product_4,17364,3,Factory_2,Axis_2,Q1B,Type_1_large,21000,11000,2,True,True,True,True
Client_15,Ship_475,2025-08-14,2025-08-17,Product_6,16871,3,Factory_3,Axis_3,Q1C,Type_1_large,21000,11000,2,True,True,True,True
Client_7,Ship_467,2025-08-14,2025-08-17,Product_1,18397,3,Factory_1,Axis_1,Q1A,Type_1_large,21000,11000,2,True,True,True,True
Client_9,Ship_469,2025-08-14,2025-08-17,Product_2,38068,3,Factory_1,Axis_1,Q1A,Type_2_large,45000,23000,2,True,True,True,True
Client_11,Ship_491,2025-08-18,2025-08-22,Product_8,41959,4,Factory_4,Axis_4,Q2A,Type_2_large,45000,23000,2,True,True,True,True
Client_4,Ship_484,2025-08-18,2025-08-23,Product_2,41495,5,Factory_1,Axis_1,Q1A,Type_2_large,45000,23000,2,True,True,True,True
Client_13,Ship_493,2025-08-19,2025-08-22,Product_9,8505,3,Factory_5,Axis_5,Q2B,Type_1_medium,13000,11000,1,True,True,True,True
Client_15,Ship_495,2025-08-19,2025-08-22,Product_10,18348,3,Factory_5,Axis_5,Q2B,Type_1_large,21000,11000,2,True,True,True,True
Client_7,Ship_487,2025-08-19,2025-08-24,Product_5,9586,5,Factory_3,Axis_3,Q1C,Type_1_medium,13000,11000,1,True,True,True,True
Client_8,Ship_488,2025-08-19,2025-08-22,Product_5,12408,3,Factory_3,Axis_3,Q1C,Type_1_medium,13000,11000,2,True,True,True,True
Client_9,Ship_489,2025-08-19,2025-08-22,Product_6,15406,3,Factory_3,Axis_3,Q1C,Type_1_large,21000,11000,2,True,True,True,True
Client_12,Ship_492,2025-08-20,2025-08-24,Product_8,23594,4,Factory_4,Axis_4,Q2A,Type_2_small,29000,23000,2,True,True,True,True
Client_5,Ship_485,2025-08-20,2025-08-24,Product_4,27428,4,Factory_2,Axis_2,Q1B,Type_2_small,29000,23000,2,True,True,True,True
Client_6,Ship_486,2025-08-20,2025-08-23,Product_4,21673,3,Factory_2,Axis_2,Q1B,Type_2_small,29000,23000,1,True,True,True,True
Client_10,Ship_490,2025-08-21,2025-08-24,Product_7,31801,3,Factory_4,Axis_4,Q2A,Type_2_medium,37000,23000,2,True,True,True,True
Client_14,Ship_494,2025-08-21,2025-08-24,Product_10,32187,3,Factory_5,Axis_5,Q2B,Type_2_medium,37000,23000,2,True,True,True,True
Client_3,Ship_483,2025-08-21,2025-08-24,Product_1,30065,3,Factory_1,Axis_1,Q1A,Type_2_medium,37000,23000,2,True,True,True,True
Client_1,Ship_501,2025-08-25,2025-08-31,Product_5,21692,6,Factory_3,Axis_3,Q1C,Type_2_small,29000,23000,1,True,True,True,True
Client_2,Ship_502,2025-08-25,2025-08-29,Product_6,8643,4,Factory_3,Axis_3,Q1C,Type_1_medium,13000,11000,1,True,True,True,True
Client_5,Ship_505,2025-08-25,2025-08-28,Product_7,12615,3,Factory_4,Axis_4,Q2A,Type_1_medium,13000,11000,2,True,True,True,True
Client_9,Ship_509,2025-08-25,2025-08-31,Product_10,33347,6,Factory_5,Axis_5,Q2B,Type_2_medium,37000,23000,2,True,True,True,True
Client_7,Ship_507,2025-08-26,2025-08-30,Product_9,8635,4,Factory_5,Axis_5,Q2B,Type_1_medium,13000,11000,1,True,True,True,True
Client_16,Ship_496,2025-08-27,2025-08-30,Product_1,31013,3,Factory_1,Axis_1,Q1A,Type_2_medium,37000,23000,2,True,True,True,True
Client_17,Ship_497,2025-08-27,2025-08-30,Product_2,40888,3,Factory_1,Axis_1,Q1A,Type_2_large,45000,23000,2,True,True,True,True
Client_19,Ship_499,2025-08-27,2025-08-31,Product_4,23735,4,Factory_2,Axis_2,Q1B,Type_2_small,29000,23000,2,True,True,True,True
Client_20,Ship_500,2025-08-27,2025-08-30,Product_4,30456,3,Factory_2,Axis_2,Q1B,Type_2_medium,37000,23000,2,True,True,True,True
Client_18,Ship_498,2025-08-28,2025-08-31,Product_3,2087,3,Factory_2,Axis_2,Q1B,Type_1_small,5000,11000,1,True,True,True,True
Client_3,Ship_503,2025-08-28,2025-08-31,Product_6,6412,3,Factory_3,Axis_3,Q1C,Type_1_medium,13000,11000,1,True,True,True,True
Client_4,Ship_504,2025-08-28,2025-08-31,Product_7,12711,3,Factory_4,Axis_4,Q2A,Type_1_medium,13000,11000,2,True,True,True,True
Client_6,Ship_506,2025-08-28,2025-08-31,Product_8,65212,3,Factory_4,Axis_4,Q2A,Type_3_large,69000,35000,2,True,True,True,True
Client_8,Ship_508,2025-08-28,2025-08-31,Product_10,18976,3,Factory_5,Axis_5,Q2B,Type_1_large,21000,11000,2,True,True,True,True
Client_16,Ship_516,2025-09-01,2025-09-05,Product_5,21089,4,Factory_3,Axis_3,Q1C,Type_2_small,29000,23000,1,True,True,True,True
Client_18,Ship_518,2025-09-01,2025-09-04,Product_6,8406,3,Factory_3,Axis_3,Q1C,Type_1_medium,13000,11000,1,True,True,True,True
Client_19,Ship_519,2025-09-01,2025-09-05,Product_7,17096,4,Factory_4,Axis_4,Q2A,Type_1_large,21000,11000,2,True,True,True,True
Client_20,Ship_520,2025-09-01,2025-09-07,Product_7,12281,6,Factory_4,Axis_4,Q2A,Type_1_medium,13000,11000,2,True,True,True,True
Client_1,Ship_521,2025-09-02,2025-09-05,Product_8,28232,3,Factory_4,Axis_4,Q2A,Type_2_small,29000,23000,2,True,True,True,True
Client_13,Ship_513,2025-09-02,2025-09-06,Product_3,2121,4,Factory_2,Axis_2,Q1B,Type_1_small,5000,11000,1,True,True,True,True
Client_3,Ship_523,2025-09-02,2025-09-05,Product_9,8746,3,Factory_5,Axis_5,Q2B,Type_1_medium,13000,11000,1,True,True,True,True
Client_5,Ship_525,2025-09-02,2025-09-05,Product_10,20846,3,Factory_5,Axis_5,Q2B,Type_1_large,21000,11000,2,True,True,True,True
Client_10,Ship_510,2025-09-03,2025-09-07,Product_1,16400,4,Factory_1,Axis_1,Q1A,Type_1_large,21000,11000,2,True,True,True,True
Client_12,Ship_512,2025-09-03,2025-09-07,Product_2,38821,4,Factory_1,Axis_1,Q1A,Type_2_large,45000,23000,2,True,True,True,True
Client_14,Ship_514,2025-09-03,2025-09-06,Product_4,31556,3,Factory_2,Axis_2,Q1B,Type_2_medium,37000,23000,2,True,True,True,True
Client_15,Ship_515,2025-09-03,2025-09-06,Product_4,18069,3,Factory_2,Axis_2,Q1B,Type_1_large,21000,11000,2,True,True,True,True
Client_17,Ship_517,2025-09-03,2025-09-07,Product_6,5203,4,Factory_3,Axis_3,Q1C,Type_1_medium,13000,11000,1,True,True,True,True
Client_4,Ship_524,2025-09-03,2025-09-07,Product_10,37336,4,Factory_5,Axis_5,Q2B,Type_2_large,45000,23000,2,True,True,True,True
Client_11,Ship_511,2025-09-04,2025-09-07,Product_1,17937,3,Factory_1,Axis_1,Q1A,Type_1_large,21000,11000,2,True,True,True,True
Client_2,Ship_522,2025-09-04,2025-09-07,Product_8,30558,3,Factory_4,Axis_4,Q2A,Type_2_medium,37000,23000,2,True,True,True,True
Client_13,Ship_533,2025-09-08,2025-09-14,Product_6,5979,6,Factory_3,Axis_3,Q1C,Type_1_medium,13000,11000,1,True,True,True,True
Client_16,Ship_536,2025-09-08,2025-09-11,Product_7,12334,3,Factory_4,Axis_4,Q2A,Type_1_medium,13000,11000,2,True,True,True,True
Client_19,Ship_539,2025-09-08,2025-09-14,Product_9,5643,6,Factory_5,Axis_5,Q2B,Type_1_medium,13000,11000,1,True,True,True,True
Client_20,Ship_540,2025-09-08,2025-09-13,Product_9,3248,5,Factory_5,Axis_5,Q2B,Type_1_small,5000,11000,1,True,True,True,True
Client_6,Ship_526,2025-09-08,2025-09-13,Product_1,33836,5,Factory_1,Axis_1,Q1A,Type_2_medium,37000,23000,2,True,True,True,True
Client_8,Ship_528,2025-09-08,2025-09-14,Product_2,23618,6,Factory_1,Axis_1,Q1A,Type_2_small,29000,23000,2,True,True,True,True
Client_1,Ship_541,2025-09-09,2025-09-14,Product_10,26792,5,Factory_5,Axis_5,Q2B,Type_2_small,29000,23000,2,True,True,True,True
Client_10,Ship_530,2025-09-09,2025-09-12,Product_4,25458,3,Factory_2,Axis_2,Q1B,Type_2_small,29000,23000,2,True,True,True,True
Client_14,Ship_534,2025-09-09,2025-09-14,Product_6,9991,5,Factory_3,Axis_3,Q1C,Type_1_medium,13000,11000,1,True,True,True,True
Client_18,Ship_538,2025-09-09,2025-09-14,Product_8,36073,5,Factory_4,Axis_4,Q2A,Type_2_medium,37000,23000,2,True,True,True,True
Client_11,Ship_531,2025-09-10,2025-09-14,Product_4,25767,4,Factory_2,Axis_2,Q1B,Type_2_small,29000,23000,2,True,True,True,True
Client_12,Ship_532,2025-09-10,2025-09-13,Product_5,21535,3,Factory_3,Axis_3,Q1C,Type_2_small,29000,23000,1,True,True,True,True
Client_17,Ship_537,2025-09-10,2025-09-14,Product_8,22100,4,Factory_4,Axis_4,Q2A,Type_2_small,29000,23000,1,True,True,True,True
Client_2,Ship_542,2025-09-10,2025-09-14,Product_10,29613,4,Factory_5,Axis_5,Q2B,Type_2_medium,37000,23000,2,True,True,True,True
Client_7,Ship_527,2025-09-10,2025-09-13,Product_2,16995,3,Factory_1,Axis_1,Q1A,Type_1_large,21000,11000,2,True,True,True,True
Client_9,Ship_529,2025-09-10,2025-09-13,Product_3,2056,3,Factory_2,Axis_2,Q1B,Type_1_small,5000,11000,1,True,True,True,True
Client_15,Ship_535,2025-09-11,2025-09-14,Product_7,16836,3,Factory_4,Axis_4,Q2A,Type_1_large,21000,11000,2,True,True,True,True
Client_11,Ship_551,2025-09-15,2025-09-20,Product_6,5957,5,Factory_3,Axis_3,Q1C,Type_1_medium,13000,11000,1,True,True,True,True
Client_16,Ship_556,2025-09-15,2025-09-20,Product_9,3835,5,Factory_5,Axis_5,Q2B,Type_1_small,5000,11000,1,True,True,True,True
Client_18,Ship_558,2025-09-15,2025-09-19,Product_10,54093,4,Factory_5,Axis_5,Q2B,Type_3_medium,61000,35000,2,True,True,True,True
Client_5,Ship_545,2025-09-15,2025-09-21,Product_3,2113,6,Factory_2,Axis_2,Q1B,Type_1_small,5000,11000,1,True,True,True,True
Client_6,Ship_546,2025-09-15,2025-09-19,Product_4,22930,4,Factory_2,Axis_2,Q1B,Type_2_small,29000,23000,1,True,True,True,True
Client_10,Ship_550,2025-09-16,2025-09-19,Product_6,10120,3,Factory_3,Axis_3,Q1C,Type_1_medium,13000,11000,1,True,True,True,True
Client_12,Ship_552,2025-09-16,2025-09-20,Product_7,17508,4,Factory_4,Axis_4,Q2A,Type_1_large,21000,11000,2,True,True,True,True
Client_14,Ship_554,2025-09-16,2025-09-20,Product_8,35926,4,Factory_4,Axis_4,Q2A,Type_2_medium,37000,23000,2,True,True,True,True
Client_17,Ship_557,2025-09-16,2025-09-19,Product_9,3971,3,Factory_5,Axis_5,Q2B,Type_1_small,5000,11000,1,True,True,True,True
Client_4,Ship_544,2025-09-16,2025-09-20,Product_2,42825,4,Factory_1,Axis_1,Q1A,Type_2_large,45000,23000,2,True,True,True,True
Client_8,Ship_548,2025-09-16,2025-09-19,Product_5,10688,3,Factory_3,Axis_3,Q1C,Type_1_medium,13000,11000,1,True,True,True,True
Client_13,Ship_553,2025-09-17,2025-09-21,Product_7,10344,4,Factory_4,Axis_4,Q2A,Type_1_medium,13000,11000,1,True,True,True,True
Client_3,Ship_543,2025-09-17,2025-09-20,Product_1,35223,3,Factory_1,Axis_1,Q1A,Type_2_medium,37000,23000,2,True,True,True,True
Client_7,Ship_547,2025-09-17,2025-09-20,Product_4,21110,3,Factory_2,Axis_2,Q1B,Type_2_small,29000,23000,1,True,True,True,True
Client_15,Ship_555,2025-09-18,2025-09-21,Product_8,28088,3,Factory_4,Axis_4,Q2A,Type_2_small,29000,23000,2,True,True,True,True
Client_9,Ship_549,2025-09-18,2025-09-21,Product_5,12502,3,Factory_3,Axis_3,Q1C,Type_1_medium,13000,11000,2,True,True,True,True
Client_10,Ship_570,2025-09-22,2025-09-26,Product_9,3978,4,Factory_5,Axis_5,Q2B,Type_1_small,5000,11000,1,True,True,True,True
Client_20,Ship_560,2025-09-22,2025-09-26,Product_1,15111,4,Factory_1,Axis_1,Q1A,Type_1_large,21000,11000,2,True,True,True,True
Client_4,Ship_564,2025-09-22,2025-09-28,Product_5,7550,6,Factory_3,Axis_3,Q1C,Type_1_medium,13000,11000,1,True,True,True,True
Client_6,Ship_566,2025-09-22,2025-09-25,Product_6,9090,3,Factory_3,Axis_3,Q1C,Type_1_medium,13000,11000,1,True,True,True,True
Client_9,Ship_569,2025-09-22,2025-09-28,Product_8,66909,6,Factory_4,Axis_4,Q2A,Type_3_large,69000,35000,2,True,True,True,True
Client_11,Ship_571,2025-09-23,2025-09-27,Product_9,3547,4,Factory_5,Axis_5,Q2B,Type_1_small,5000,11000,1,True,True,True,True
Client_19,Ship_559,2025-09-23,2025-09-28,Product_1,21992,5,Factory_1,Axis_1,Q1A,Type_2_small,29000,23000,1,True,True,True,True
Client_2,Ship_562,2025-09-23,2025-09-28,Product_3,2079,5,Factory_2,Axis_2,Q1B,Type_1_small,5000,11000,1,True,True,True,True
Client_7,Ship_567,2025-09-23,2025-09-26,Product_6,6439,3,Factory_3,Axis_3,Q1C,Type_1_medium,13000,11000,1,True,True,True,True
Client_1,Ship_561,2025-09-24,2025-09-28,Product_2,39331,4,Factory_1,Axis_1,Q1A,Type_2_large,45000,23000,2,True,True,True,True
Client_12,Ship_572,2025-09-24,2025-09-28,Product_10,21261,4,Factory_5,Axis_5,Q2B,Type_2_small,29000,23000,1,True,True,True,True
Client_13,Ship_573,2025-09-24,2025-09-28,Product_10,34777,4,Factory_5,Axis_5,Q2B,Type_2_medium,37000,23000,2,True,True,True,True
Client_3,Ship_563,2025-09-24,2025-09-27,Product_4,50330,3,Factory_2,Axis_2,Q1B,Type_3_small,53000,35000,2,True,True,True,True
Client_5,Ship_565,2025-09-24,2025-09-27,Product_5,13002,3,Factory_3,Axis_3,Q1C,Type_1_large,21000,11000,2,True,True,True,True
Client_8,Ship_568,2025-09-24,2025-09-27,Product_7,24533,3,Factory_4,Axis_4,Q2A,Type_2_small,29000,23000,2,True,True,True,True
Client_15,Ship_575,2025-09-29,2025-10-04,Product_1,21101,5,Factory_1,Axis_1,Q1A,Type_2_small,29000,23000,1,True,True,True,True
Client_6,Ship_586,2025-09-29,2025-10-05,Product_10,22615,6,Factory_5,Axis_5,Q2B,Type_2_small,29000,23000,1,True,True,True,True
Client_16,Ship_576,2025-09-30,2025-10-03,Product_2,26656,3,Factory_1,Axis_1,Q1A,Type_2_small,29000,23000,2,True,True,True,True
Client_20,Ship_580,2025-09-30,2025-10-05,Product_5,22366,5,Factory_3,Axis_3,Q1C,Type_2_small,29000,23000,1,True,True,True,True
Client_1,Ship_581,2025-10-01,2025-10-05,Product_6,15100,4,Factory_3,Axis_3,Q1C,Type_1_large,21000,11000,2,True,True,True,True
Client_14,Ship_574,2025-10-01,2025-10-05,Product_1,12324,4,Factory_1,Axis_1,Q1A,Type_1_medium,13000,11000,2,True,True,True,True
Client_17,Ship_577,2025-10-01,2025-10-05,Product_2,18021,4,Factory_1,Axis_1,Q1A,Type_1_large,21000,11000,2,True,True,True,True
Client_18,Ship_578,2025-10-01,2025-10-05,Product_3,2129,4,Factory_2,Axis_2,Q1B,Type_1_small,5000,11000,1,True,True,True,True
Client_19,Ship_579,2025-10-01,2025-10-05,Product_4,45635,4,Factory_2,Axis_2,Q1B,Type_3_small,53000,35000,2,True,True,True,True
Client_2,Ship_582,2025-10-01,2025-10-05,Product_7,13006,4,Factory_4,Axis_4,Q2A,Type_1_large,21000,11000,2,True,True,True,True
Client_4,Ship_584,2025-10-01,2025-10-05,Product_8,60812,4,Factory_4,Axis_4,Q2A,Type_3_medium,61000,35000,2,True,True,True,True
Client_5,Ship_585,2025-10-01,2025-10-04,Product_9,9022,3,Factory_5,Axis_5,Q2B,Type_1_medium,13000,11000,1,True,True,True,True
Client_3,Ship_583,2025-10-02,2025-10-05,Product_7,16513,3,Factory_4,Axis_4,Q2A,Type_1_large,21000,11000,2,True,True,True,True
Client_7,Ship_587,2025-10-02,2025-10-05,Product_10,35939,3,Factory_5,Axis_5,Q2B,Type_2_medium,37000,23000,2,True,True,True,True
Client_13,Ship_593,2025-10-06,2025-10-10,Product_5,21015,4,Factory_3,Axis_3,Q1C,Type_2_small,29000,23000,1,True,True,True,True
Client_14,Ship_594,2025-10-06,2025-10-12,Product_6,5790,6,Factory_3,Axis_3,Q1C,Type_1_medium,13000,11000,1,True,True,True,True
Client_15,Ship_595,2025-10-06,2025-10-10,Product_6,10352,4,Factory_3,Axis_3,Q1C,Type_1_medium,13000,11000,1,True,True,True,True
Client_19,Ship_599,2025-10-06,2025-10-12,Product_9,3246,6,Factory_5,Axis_5,Q2B,Type_1_small,5000,11000,1,True,True,True,True
Client_9,Ship_589,2025-10-06,2025-10-11,Product_2,27003,5,Factory_1,Axis_1,Q1A,Type_2_small,29000,23000,2,True,True,True,True
Client_10,Ship_590,2025-10-07,2025-10-12,Product_2,14915,5,Factory_1,Axis_1,Q1A,Type_1_large,21000,11000,2,True,True,True,True
Client_17,Ship_597,2025-10-07,2025-10-12,Product_8,41172,5,Factory_4,Axis_4,Q2A,Type_2_large,45000,23000,2,True,True,True,True
Client_18,Ship_598,2025-10-07,2025-10-12,Product_8,26315,5,Factory_4,Axis_4,Q2A,Type_2_small,29000,23000,2,True,True,True,True
Client_2,Ship_602,2025-10-07,2025-10-10,Product_10,22196,3,Factory_5,Axis_5,Q2B,Type_2_small,29000,23000,1,True,True,True,True
Client_8,Ship_588,2025-10-07,2025-10-11,Product_1,34435,4,Factory_1,Axis_1,Q1A,Type_2_medium,37000,23000,2,True,True,True,True
Client_12,Ship_592,2025-10-08,2025-10-11,Product_4,20730,3,Factory_2,Axis_2,Q1B,Type_1_large,21000,11000,2,True,True,True,True
Client_16,Ship_596,2025-10-08,2025-10-12,Product_7,26110,4,Factory_4,Axis_4,Q2A,Type_2_small,29000,23000,2,True,True,True,True
Client_1,Ship_601,2025-10-09,2025-10-12,Product_10,38007,3,Factory_5,Axis_5,Q2B,Type_2_large,45000,23000,2,True,True,True,True
Client_11,Ship_591,2025-10-09,2025-10-12,Product_4,25465,3,Factory_2,Axis_2,Q1B,Type_2_small,29000,23000,2,True,True,True,True
Client_20,Ship_600,2025-10-09,2025-10-12,Product_9,5953,3,Factory_5,Axis_5,Q2B,Type_1_medium,13000,11000,1,True,True,True,True
Client_12,Ship_612,2025-10-13,2025-10-17,Product_7,28308,4,Factory_4,Axis_4,Q2A,Type_2_small,29000,23000,2,True,True,True,True
Client_13,Ship_613,2025-10-13,2025-10-17,Product_8,25508,4,Factory_4,Axis_4,Q2A,Type_2_small,29000,23000,2,True,True,True,True
Client_6,Ship_606,2025-10-13,2025-10-18,Product_3,2000,5,Factory_2,Axis_2,Q1B,Type_1_small,5000,11000,1,True,True,True,True
Client_8,Ship_608,2025-10-13,2025-10-17,Product_4,17010,4,Factory_2,Axis_2,Q1B,Type_1_large,21000,11000,2,True,True,True,True
Client_10,Ship_610,2025-10-14,2025-10-18,Product_5,12478,4,Factory_3,Axis_3,Q1C,Type_1_medium,13000,11000,2,True,True,True,True
Client_15,Ship_615,2025-10-14,2025-10-17,Product_9,4255,3,Factory_5,Axis_5,Q2B,Type_1_small,5000,11000,1,True,True,True,True
Client_3,Ship_603,2025-10-14,2025-10-18,Product_1,33369,4,Factory_1,Axis_1,Q1A,Type_2_medium,37000,23000,2,True,True,True,True
Client_7,Ship_607,2025-10-14,2025-10-18,Product_4,30945,4,Factory_2,Axis_2,Q1B,Type_2_medium,37000,23000,2,True,True,True,True
Client_17,Ship_617,2025-10-15,2025-10-19,Product_10,56131,4,Factory_5,Axis_5,Q2B,Type_3_medium,61000,35000,2,True,True,True,True
Client_11,Ship_611,2025-10-16,2025-10-19,Product_6,16194,3,Factory_3,Axis_3,Q1C,Type_1_large,21000,11000,2,True,True,True,True
Client_14,Ship_614,2025-10-16,2025-10-19,Product_8,34719,3,Factory_4,Axis_4,Q2A,Type_2_medium,37000,23000,2,True,True,True,True
Client_16,Ship_616,2025-10-16,2025-10-19,Product_9,4943,3,Factory_5,Axis_5,Q2B,Type_1_small,5000,11000,1,True,True,True,True
Client_4,Ship_604,2025-10-16,2025-10-19,Product_2,24206,3,Factory_1,Axis_1,Q1A,Type_2_small,29000,23000,2,True,True,True,True
Client_5,Ship_605,2025-10-16,2025-10-19,Product_2,14104,3,Factory_1,Axis_1,Q1A,Type_1_large,21000,11000,2,True,True,True,True
Client_9,Ship_609,2025-10-16,2025-10-19,Product_5,9813,3,Factory_3,Axis_3,Q1C,Type_1_medium,13000,11000,1,True,True,True,True
Client_18,Ship_618,2025-10-20,2025-10-25,Product_1,33349,5,Factory_1,Axis_1,Q1A,Type_2_medium,37000,23000,2,True,True,True,True
Client_19,Ship_619,2025-10-20,2025-10-25,Product_2,38196,5,Factory_1,Axis_1,Q1A,Type_2_large,45000,23000,2,True,True,True,True
Client_3,Ship_623,2025-10-20,2025-10-24,Product_5,12175,4,Factory_3,Axis_3,Q1C,Type_1_medium,13000,11000,2,True,True,True,True
Client_5,Ship_625,2025-10-20,2025-10-26,Product_6,10162,6,Factory_3,Axis_3,Q1C,Type_1_medium,13000,11000,1,True,True,True,True
Client_6,Ship_626,2025-10-20,2025-10-26,Product_7,16741,6,Factory_4,Axis_4,Q2A,Type_1_large,21000,11000,2,True,True,True,True
Client_9,Ship_629,2025-10-20,2025-10-24,Product_9,9174,4,Factory_5,Axis_5,Q2B,Type_1_medium,13000,11000,1,True,True,True,True
Client_2,Ship_622,2025-10-21,2025-10-25,Product_5,7146,4,Factory_3,Axis_3,Q1C,Type_1_medium,13000,11000,1,True,True,True,True
Client_7,Ship_627,2025-10-21,2025-10-24,Product_7,13812,3,Factory_4,Axis_4,Q2A,Type_1_large,21000,11000,2,True,True,True,True
Client_8,Ship_628,2025-10-21,2025-10-24,Product_8,62759,3,Factory_4,Axis_4,Q2A,Type_3_large,69000,35000,2,True,True,True,True
Client_1,Ship_621,2025-10-22,2025-10-25,Product_4,49701,3,Factory_2,Axis_2,Q1B,Type_3_small,53000,35000,2,True,True,True,True
Client_10,Ship_630,2025-10-22,2025-10-26,Product_10,55732,4,Factory_5,Axis_5,Q2B,Type_3_medium,61000,35000,2,True,True,True,True
Client_20,Ship_620,2025-10-22,2025-10-25,Product_3,2184,3,Factory_2,Axis_2,Q1B,Type_1_small,5000,11000,1,True,True,True,True
Client_4,Ship_624,2025-10-23,2025-10-26,Product_6,6330,3,Factory_3,Axis_3,Q1C,Type_1_medium,13000,11000,1,True,True,True,True
Client_11,Ship_631,2025-10-27,2025-11-02,Product_1,36800,6,Factory_1,Axis_1,Q1A,Type_2_medium,37000,23000,2,True,True,True,True
Client_14,Ship_634,2025-10-27,2025-11-02,Product_3,2184,6,Factory_2,Axis_2,Q1B,Type_1_small,5000,11000,1,True,True,True,True
Client_18,Ship_638,2025-10-27,2025-10-30,Product_6,16211,3,Factory_3,Axis_3,Q1C,Type_1_large,21000,11000,2,True,True,True,True
Client_19,Ship_639,2025-10-27,2025-10-30,Product_7,29453,3,Factory_4,Axis_4,Q2A,Type_2_medium,37000,23000,2,True,True,True,True
Client_12,Ship_632,2025-10-28,2025-11-01,Product_2,17582,4,Factory_1,Axis_1,Q1A,Type_1_large,21000,11000,2,True,True,True,True
Client_15,Ship_635,2025-10-28,2025-11-01,Product_4,29220,4,Factory_2,Axis_2,Q1B,Type_2_medium,37000,23000,2,True,True,True,True
Client_16,Ship_636,2025-10-28,2025-10-31,Product_4,19124,3,Factory_2,Axis_2,Q1B,Type_1_large,21000,11000,2,True,True,True,True
Client_1,Ship_641,2025-10-29,2025-11-02,Product_8,24458,4,Factory_4,Axis_4,Q2A,Type_2_small,29000,23000,2,True,True,True,True
Client_13,Ship_633,2025-10-29,2025-11-01,Product_2,25394,3,Factory_1,Axis_1,Q1A,Type_2_small,29000,23000,2,True,True,True,True
Client_17,Ship_637,2025-10-29,2025-11-01,Product_5,22278,3,Factory_3,Axis_3,Q1C,Type_2_small,29000,23000,1,True,True,True,True
Client_3,Ship_643,2025-10-29,2025-11-01,Product_9,4603,3,Factory_5,Axis_5,Q2B,Type_1_small,5000,11000,1,True,True,True,True
Client_2,Ship_642,2025-10-30,2025-11-02,Product_9,3679,3,Factory_5,Axis_5,Q2B,Type_1_small,5000,11000,1,True,True,True,True
Client_20,Ship_640,2025-10-30,2025-11-02,Product_8,38621,3,Factory_4,Axis_4,Q2A,Type_2_large,45000,23000,2,True,True,True,True
Client_4,Ship_644,2025-10-30,2025-11-02,Product_10,60400,3,Factory_5,Axis_5,Q2B,Type_3_medium,61000,35000,2,True,True,True,True
Client_10,Ship_650,2025-11-03,2025-11-09,Product_5,22751,6,Factory_3,Axis_3,Q1C,Type_2_small,29000,23000,1,True,True,True,True
Client_11,Ship_651,2025-11-03,2025-11-09,Product_6,16868,6,Factory_3,Axis_3,Q1C,Type_1_large,21000,11000,2,True,True,True,True
Client_14,Ship_654,2025-11-03,2025-11-08,Product_9,5552,5,Factory_5,Axis_5,Q2B,Type_1_medium,13000,11000,1,True,True,True,True
Client_8,Ship_648,2025-11-03,2025-11-06,Product_2,25805,3,Factory_1,Axis_1,Q1A,Type_2_small,29000,23000,2,True,True,True,True
Client_15,Ship_655,2025-11-04,2025-11-08,Product_9,3472,4,Factory_5,Axis_5,Q2B,Type_1_small,5000,11000,1,True,True,True,True
Client_6,Ship_646,2025-11-04,2025-11-09,Product_1,21514,5,Factory_1,Axis_1,Q1A,Type_2_small,29000,23000,1,True,True,True,True
Client_12,Ship_652,2025-11-05,2025-11-09,Product_7,34122,4,Factory_4,Axis_4,Q2A,Type_2_medium,37000,23000,2,True,True,True,True
Client_9,Ship_649,2025-11-05,2025-11-09,Product_4,53748,4,Factory_2,Axis_2,Q1B,Type_3_medium,61000,35000,2,True,True,True,True
Client_13,Ship_653,2025-11-06,2025-11-09,Product_8,60550,3,Factory_4,Axis_4,Q2A,Type_3_medium,61000,35000,2,True,True,True,True
Client_16,Ship_656,2025-11-06,2025-11-09,Product_10,57852,3,Factory_5,Axis_5,Q2B,Type_3_medium,61000,35000,2,True,True,True,True
Client_5,Ship_645,2025-11-06,2025-11-09,Product_1,16527,3,Factory_1,Axis_1,Q1A,Type_1_large,21000,11000,2,True,True,True,True
Client_7,Ship_647,2025-11-06,2025-11-09,Product_2,17500,3,Factory_1,Axis_1,Q1A,Type_1_large,21000,11000,2,True,True,True,True
Client_10,Ship_670,2025-11-10,2025-11-15,Product_8,54904,5,Factory_4,Axis_4,Q2A,Type_3_medium,61000,35000,2,True,True,True,True
Client_20,Ship_660,2025-11-10,2025-11-13,Product_2,19955,3,Factory_1,Axis_1,Q1A,Type_1_large,21000,11000,2,True,True,True,True
Client_1,Ship_661,2025-11-11,2025-11-15,Product_3,2162,4,Factory_2,Axis_2,Q1B,Type_1_small,5000,11000,1,True,True,True,True
Client_11,Ship_671,2025-11-11,2025-11-14,Product_9,8425,3,Factory_5,Axis_5,Q2B,Type_1_medium,13000,11000,1,True,True,True,True
Client_12,Ship_672,2025-11-11,2025-11-16,Product_10,37312,5,Factory_5,Axis_5,Q2B,Type_2_large,45000,23000,2,True,True,True,True
Client_13,Ship_673,2025-11-11,2025-11-15,Product_10,23164,4,Factory_5,Axis_5,Q2B,Type_2_small,29000,23000,2,True,True,True,True
Client_17,Ship_657,2025-11-11,2025-11-14,Product_1,17360,3,Factory_1,Axis_1,Q1A,Type_1_large,21000,11000,2,True,True,True,True
Client_19,Ship_659,2025-11-11,2025-11-14,Product_2,22757,3,Factory_1,Axis_1,Q1A,Type_2_small,29000,23000,1,True,True,True,True
Client_2,Ship_662,2025-11-11,2025-11-15,Product_4,29940,4,Factory_2,Axis_2,Q1B,Type_2_medium,37000,23000,2,True,True,True,True
Client_3,Ship_663,2025-11-11,2025-11-14,Product_4,23954,3,Factory_2,Axis_2,Q1B,Type_2_small,29000,23000,2,True,True,True,True
Client_4,Ship_664,2025-11-11,2025-11-16,Product_5,11588,5,Factory_3,Axis_3,Q1C,Type_1_medium,13000,11000,2,True,True,True,True
Client_6,Ship_666,2025-11-11,2025-11-14,Product_6,7836,3,Factory_3,Axis_3,Q1C,Type_1_medium,13000,11000,1,True,True,True,True
Client_8,Ship_668,2025-11-11,2025-11-15,Product_7,15281,4,Factory_4,Axis_4,Q2A,Type_1_large,21000,11000,2,True,True,True,True
Client_18,Ship_658,2025-11-12,2025-11-15,Product_1,20486,3,Factory_1,Axis_1,Q1A,Type_1_large,21000,11000,2,True,True,True,True
Client_5,Ship_665,2025-11-13,2025-11-16,Product_5,10486,3,Factory_3,Axis_3,Q1C,Type_1_medium,13000,11000,1,True,True,True,True
Client_7,Ship_667,2025-11-13,2025-11-16,Product_6,6701,3,Factory_3,Axis_3,Q1C,Type_1_medium,13000,11000,1,True,True,True,True
Client_9,Ship_669,2025-11-13,2025-11-16,Product_7,14942,3,Factory_4,Axis_4,Q2A,Type_1_large,21000,11000,2,True,True,True,True
Client_14,Ship_674,2025-11-17,2025-11-21,Product_1,34723,4,Factory_1,Axis_1,Q1A,Type_2_medium,37000,23000,2,True,True,True,True
Client_16,Ship_676,2025-11-17,2025-11-20,Product_2,24654,3,Factory_1,Axis_1,Q1A,Type_2_small,29000,23000,2,True,True,True,True
Client_18,Ship_678,2025-11-17,2025-11-23,Product_4,21971,6,Factory_2,Axis_2,Q1B,Type_2_small,29000,23000,1,True,True,True,True
Client_19,Ship_679,2025-11-17,2025-11-22,Product_4,30848,5,Factory_2,Axis_2,Q1B,Type_2_medium,37000,23000,2,True,True,True,True
Client_2,Ship_682,2025-11-17,2025-11-22,Product_6,6367,5,Factory_3,Axis_3,Q1C,Type_1_medium,13000,11000,1,True,True,True,True
Client_8,Ship_688,2025-11-17,2025-11-20,Product_10,23574,3,Factory_5,Axis_5,Q2B,Type_2_small,29000,23000,2,True,True,True,True
Client_17,Ship_677,2025-11-18,2025-11-23,Product_3,2224,5,Factory_2,Axis_2,Q1B,Type_1_small,5000,11000,1,True,True,True,True
Client_1,Ship_681,2025-11-19,2025-11-22,Product_6,9214,3,Factory_3,Axis_3,Q1C,Type_1_medium,13000,11000,1,True,True,True,True
Client_15,Ship_675,2025-11-19,2025-11-23,Product_2,14917,4,Factory_1,Axis_1,Q1A,Type_1_large,21000,11000,2,True,True,True,True
Client_20,Ship_680,2025-11-19,2025-11-23,Product_5,22690,4,Factory_3,Axis_3,Q1C,Type_2_small,29000,23000,1,True,True,True,True
Client_4,Ship_684,2025-11-19,2025-11-23,Product_7,16551,4,Factory_4,Axis_4,Q2A,Type_1_large,21000,11000,2,True,True,True,True
Client_3,Ship_683,2025-11-20,2025-11-23,Product_7,12950,3,Factory_4,Axis_4,Q2A,Type_1_medium,13000,11000,2,True,True,True,True
Client_5,Ship_685,2025-11-20,2025-11-23,Product_8,70998,3,Factory_4,Axis_4,Q2A,Type_4_small,77000,47000,2,True,True,True,True
Client_6,Ship_686,2025-11-20,2025-11-23,Product_9,8844,3,Factory_5,Axis_5,Q2B,Type_1_medium,13000,11000,1,True,True,True,True
Client_7,Ship_687,2025-11-20,2025-11-23,Product_10,28734,3,Factory_5,Axis_5,Q2B,Type_2_small,29000,23000,2,True,True,True,True
Client_1,Ship_701,2025-11-24,2025-11-28,Product_10,36128,4,Factory_5,Axis_5,Q2B,Type_2_medium,37000,23000,2,True,True,True,True
Client_11,Ship_691,2025-11-24,2025-11-27,Product_2,17272,3,Factory_1,Axis_1,Q1A,Type_1_large,21000,11000,2,True,True,True,True
Client_20,Ship_700,2025-11-24,2025-11-27,Product_10,20341,3,Factory_5,Axis_5,Q2B,Type_1_large,21000,11000,2,True,True,True,True
Client_9,Ship_689,2025-11-24,2025-11-29,Product_1,13547,5,Factory_1,Axis_1,Q1A,Type_1_large,21000,11000,2,True,True,True,True
Client_14,Ship_694,2025-11-25,2025-11-30,Product_4,48220,5,Factory_2,Axis_2,Q1B,Type_3_small,53000,35000,2,True,True,True,True
Client_12,Ship_692,2025-11-26,2025-11-29,Product_2,23813,3,Factory_1,Axis_1,Q1A,Type_2_small,29000,23000,2,True,True,True,True
Client_13,Ship_693,2025-11-26,2025-11-30,Product_3,2114,4,Factory_2,Axis_2,Q1B,Type_1_small,5000,11000,1,True,True,True,True
Client_15,Ship_695,2025-11-26,2025-11-30,Product_5,20345,4,Factory_3,Axis_3,Q1C,Type_1_large,21000,11000,2,True,True,True,True
Client_17,Ship_697,2025-11-26,2025-11-30,Product_7,29342,4,Factory_4,Axis_4,Q2A,Type_2_medium,37000,23000,2,True,True,True,True
Client_10,Ship_690,2025-11-27,2025-11-30,Product_1,20253,3,Factory_1,Axis_1,Q1A,Type_1_large,21000,11000,2,True,True,True,True
Client_16,Ship_696,2025-11-27,2025-11-30,Product_6,15361,3,Factory_3,Axis_3,Q1C,Type_1_large,21000,11000,2,True,True,True,True
Client_18,Ship_698,2025-11-27,2025-11-30,Product_8,63572,3,Factory_4,Axis_4,Q2A,Type_3_large,69000,35000,2,True,True,True,True
Client_19,Ship_699,2025-11-27,2025-11-30,Product_9,9434,3,Factory_5,Axis_5,Q2B,Type_1_medium,13000,11000,1,True,True,True,True
Client_11,Ship_711,2025-12-01,2025-12-05,Product_9,3508,4,Factory_5,Axis_5,Q2B,Type_1_small,5000,11000,1,True,True,True,True
Client_14,Ship_714,2025-12-01,2025-12-04,Product_10,34997,3,Factory_5,Axis_5,Q2B,Type_2_medium,37000,23000,2,True,True,True,True
Client_2,Ship_702,2025-12-01,2025-12-06,Product_1,37174,5,Factory_1,Axis_1,Q1A,Type_2_large,45000,23000,2,True,True,True,True
Client_7,Ship_707,2025-12-01,2025-12-07,Product_6,15915,6,Factory_3,Axis_3,Q1C,Type_1_large,21000,11000,2,True,True,True,True
Client_10,Ship_710,2025-12-02,2025-12-06,Product_8,31838,4,Factory_4,Axis_4,Q2A,Type_2_medium,37000,23000,2,True,True,True,True
Client_12,Ship_712,2025-12-02,2025-12-05,Product_9,5454,3,Factory_5,Axis_5,Q2B,Type_1_medium,13000,11000,1,True,True,True,True
Client_13,Ship_713,2025-12-02,2025-12-07,Product_10,27608,5,Factory_5,Axis_5,Q2B,Type_2_small,29000,23000,2,True,True,True,True
Client_4,Ship_704,2025-12-02,2025-12-05,Product_4,27400,3,Factory_2,Axis_2,Q1B,Type_2_small,29000,23000,2,True,True,True,True
Client_3,Ship_703,2025-12-03,2025-12-06,Product_2,41717,3,Factory_1,Axis_1,Q1A,Type_2_large,45000,23000,2,True,True,True,True
Client_6,Ship_706,2025-12-03,2025-12-07,Product_5,22583,4,Factory_3,Axis_3,Q1C,Type_2_small,29000,23000,1,True,True,True,True
Client_5,Ship_705,2025-12-04,2025-12-07,Product_4,17942,3,Factory_2,Axis_2,Q1B,Type_1_large,21000,11000,2,True,True,True,True
Client_8,Ship_708,2025-12-04,2025-12-07,Product_7,31861,3,Factory_4,Axis_4,Q2A,Type_2_medium,37000,23000,2,True,True,True,True
Client_9,Ship_709,2025-12-04,2025-12-07,Product_8,31162,3,Factory_4,Axis_4,Q2A,Type_2_medium,37000,23000,2,True,True,True,True
Client_17,Ship_717,2025-12-08,2025-12-13,Product_3,2432,5,Factory_2,Axis_2,Q1B,Type_1_small,5000,11000,1,True,True,True,True
Client_4,Ship_724,2025-12-08,2025-12-14,Product_8,42270,6,Factory_4,Axis_4,Q2A,Type_2_large,45000,23000,2,True,True,True,True
Client_7,Ship_727,2025-12-08,2025-12-12,Product_9,5675,4,Factory_5,Axis_5,Q2B,Type_1_medium,13000,11000,1,True,True,True,True
Client_8,Ship_728,2025-12-08,2025-12-14,Product_10,32165,6,Factory_5,Axis_5,Q2B,Type_2_medium,37000,23000,2,True,True,True,True
Client_16,Ship_716,2025-12-09,2025-12-12,Product_2,38533,3,Factory_1,Axis_1,Q1A,Type_2_large,45000,23000,2,True,True,True,True
Client_2,Ship_722,2025-12-09,2025-12-14,Product_7,18493,5,Factory_4,Axis_4,Q2A,Type_1_large,21000,11000,2,True,True,True,True
Client_1,Ship_721,2025-12-10,2025-12-13,Product_6,6104,3,Factory_3,Axis_3,Q1C,Type_1_medium,13000,11000,1,True,True,True,True
Client_19,Ship_719,2025-12-10,2025-12-13,Product_5,20381,3,Factory_3,Axis_3,Q1C,Type_1_large,21000,11000,2,True,True,True,True
Client_20,Ship_720,2025-12-10,2025-12-13,Product_6,9511,3,Factory_3,Axis_3,Q1C,Type_1_medium,13000,11000,1,True,True,True,True
Client_15,Ship_715,2025-12-11,2025-12-14,Product_1,38751,3,Factory_1,Axis_1,Q1A,Type_2_large,45000,23000,2,True,True,True,True
Client_18,Ship_718,2025-12-11,2025-12-14,Product_4,54729,3,Factory_2,Axis_2,Q1B,Type_3_medium,61000,35000,2,True,True,True,True
Client_3,Ship_723,2025-12-11,2025-12-14,Product_7,11122,3,Factory_4,Axis_4,Q2A,Type_1_medium,13000,11000,2,True,True,True,True
Client_5,Ship_725,2025-12-11,2025-12-14,Product_8,25683,3,Factory_4,Axis_4,Q2A,Type_2_small,29000,23000,2,True,True,True,True
Client_6,Ship_726,2025-12-11,2025-12-14,Product_9,3427,3,Factory_5,Axis_5,Q2B,Type_1_small,5000,11000,1,True,True,True,True
Client_9,Ship_729,2025-12-11,2025-12-14,Product_10,21588,3,Factory_5,Axis_5,Q2B,Type_2_small,29000,23000,1,True,True,True,True
Client_10,Ship_730,2025-12-15,2025-12-21,Product_1,14651,6,Factory_1,Axis_1,Q1A,Type_1_large,21000,11000,2,True,True,True,True
Client_16,Ship_736,2025-12-15,2025-12-21,Product_5,25459,6,Factory_3,Axis_3,Q1C,Type_2_small,29000,23000,2,True,True,True,True
Client_14,Ship_734,2025-12-16,2025-12-19,Product_4,26554,3,Factory_2,Axis_2,Q1B,Type_2_small,29000,23000,2,True,True,True,True
Client_18,Ship_738,2025-12-16,2025-12-21,Product_6,8305,5,Factory_3,Axis_3,Q1C,Type_1_medium,13000,11000,1,True,True,True,True
Client_19,Ship_739,2025-12-16,2025-12-19,Product_7,30523,3,Factory_4,Axis_4,Q2A,Type_2_medium,37000,23000,2,True,True,True,True
Client_2,Ship_742,2025-12-16,2025-12-21,Product_9,4758,5,Factory_5,Axis_5,Q2B,Type_1_small,5000,11000,1,True,True,True,True
Client_4,Ship_744,2025-12-16,2025-12-19,Product_10,31345,3,Factory_5,Axis_5,Q2B,Type_2_medium,37000,23000,2,True,True,True,True
Client_5,Ship_745,2025-12-17,2025-12-20,Product_10,23312,3,Factory_5,Axis_5,Q2B,Type_2_small,29000,23000,2,True,True,True,True
Client_1,Ship_741,2025-12-18,2025-12-21,Product_8,29179,3,Factory_4,Axis_4,Q2A,Type_2_medium,37000,23000,2,True,True,True,True
Client_11,Ship_731,2025-12-18,2025-12-21,Product_1,24423,3,Factory_1,Axis_1,Q1A,Type_2_small,29000,23000,2,True,True,True,True
Client_12,Ship_732,2025-12-18,2025-12-21,Product_2,38695,3,Factory_1,Axis_1,Q1A,Type_2_large,45000,23000,2,True,True,True,True
Client_13,Ship_733,2025-12-18,2025-12-21,Product_3,2085,3,Factory_2,Axis_2,Q1B,Type_1_small,5000,11000,1,True,True,True,True
Client_15,Ship_735,2025-12-18,2025-12-21,Product_4,22372,3,Factory_2,Axis_2,Q1B,Type_2_small,29000,23000,1,True,True,True,True
Client_17,Ship_737,2025-12-18,2025-12-21,Product_6,7984,3,Factory_3,Axis_3,Q1C,Type_1_medium,13000,11000,1,True,True,True,True
Client_20,Ship_740,2025-12-18,2025-12-21,Product_8,35982,3,Factory_4,Axis_4,Q2A,Type_2_medium,37000,23000,2,True,True,True,True
Client_3,Ship_743,2025-12-18,2025-12-21,Product_9,3377,3,Factory_5,Axis_5,Q2B,Type_1_small,5000,11000,1,True,True,True,True
Client_10,Ship_750,2025-12-22,2025-12-27,Product_4,60405,5,Factory_2,Axis_2,Q1B,Type_3_medium,61000,35000,2,True,True,True,True
Client_12,Ship_752,2025-12-22,2025-12-28,Product_5,16120,6,Factory_3,Axis_3,Q1C,Type_1_large,21000,11000,2,True,True,True,True
Client_14,Ship_754,2025-12-22,2025-12-26,Product_6,8573,4,Factory_3,Axis_3,Q1C,Type_1_medium,13000,11000,1,True,True,True,True
Client_17,Ship_757,2025-12-22,2025-12-27,Product_9,9921,5,Factory_5,Axis_5,Q2B,Type_1_medium,13000,11000,1,True,True,True,True
Client_6,Ship_746,2025-12-22,2025-12-26,Product_1,40129,4,Factory_1,Axis_1,Q1A,Type_2_large,45000,23000,2,True,True,True,True
Client_8,Ship_748,2025-12-22,2025-12-27,Product_2,21433,5,Factory_1,Axis_1,Q1A,Type_2_small,29000,23000,1,True,True,True,True
Client_9,Ship_749,2025-12-22,2025-12-27,Product_3,2302,5,Factory_2,Axis_2,Q1B,Type_1_small,5000,11000,1,True,True,True,True
Client_13,Ship_753,2025-12-23,2025-12-28,Product_6,9905,5,Factory_3,Axis_3,Q1C,Type_1_medium,13000,11000,1,True,True,True,True
Client_15,Ship_755,2025-12-23,2025-12-26,Product_7,28762,3,Factory_4,Axis_4,Q2A,Type_2_small,29000,23000,2,True,True,True,True
Client_7,Ship_747,2025-12-24,2025-12-28,Product_2,23475,4,Factory_1,Axis_1,Q1A,Type_2_small,29000,23000,2,True,True,True,True
Client_11,Ship_751,2025-12-25,2025-12-28,Product_5,9560,3,Factory_3,Axis_3,Q1C,Type_1_medium,13000,11000,1,True,True,True,True
Client_16,Ship_756,2025-12-25,2025-12-28,Product_8,72123,3,Factory_4,Axis_4,Q2A,Type_4_small,77000,47000,2,True,True,True,True
Client_18,Ship_758,2025-12-25,2025-12-28,Product_10,65556,3,Factory_5,Axis_5,Q2B,Type_3_large,69000,35000,2,True,True,True,True
Client_1,Ship_761,2025-12-29,2025-12-31,Product_2,13732,2,Factory_1,Axis_1,Q1A,Type_1_large,21000,11000,2,True,True,True,True
Client_10,Ship_770,2025-12-29,2025-12-31,Product_8,19302,2,Factory_4,Axis_4,Q2A,Type_1_large,21000,11000,2,True,True,True,True
Client_11,Ship_771,2025-12-29,2025-12-31,Product_9,4928,2,Factory_5,Axis_5,Q2B,Type_1_small,5000,11000,1,True,True,True,True
Client_12,Ship_772,2025-12-29,2025-12-31,Product_10,13526,2,Factory_5,Axis_5,Q2B,Type_1_large,21000,11000,2,True,True,True,True
Client_13,Ship_773,2025-12-29,2025-12-31,Product_10,24909,2,Factory_5,Axis_5,Q2B,Type_2_small,29000,23000,2,True,True,True,True
Client_19,Ship_759,2025-12-29,2025-12-31,Product_1,10474,2,Factory_1,Axis_1,Q1A,Type_1_medium,13000,11000,1,True,True,True,True
Client_2,Ship_762,2025-12-29,2025-12-31,Product_2,14509,2,Factory_1,Axis_1,Q1A,Type_1_large,21000,11000,2,True,True,True,True
Client_20,Ship_760,2025-12-29,2025-12-31,Product_1,12818,2,Factory_1,Axis_1,Q1A,Type_1_medium,13000,11000,2,True,True,True,True
Client_3,Ship_763,2025-12-29,2025-12-31,Product_4,33420,2,Factory_2,Axis_2,Q1B,Type_2_medium,37000,23000,2,True,True,True,True
Client_4,Ship_764,2025-12-29,2025-12-31,Product_5,7200,2,Factory_3,Axis_3,Q1C,Type_1_medium,13000,11000,1,True,True,True,True
Client_5,Ship_765,2025-12-29,2025-12-31,Product_5,7162,2,Factory_3,Axis_3,Q1C,Type_1_medium,13000,11000,1,True,True,True,True
Client_6,Ship_766,2025-12-29,2025-12-31,Product_6,5905,2,Factory_3,Axis_3,Q1C,Type_1_medium,13000,11000,1,True,True,True,True
Client_7,Ship_767,2025-12-29,2025-12-31,Product_6,3240,2,Factory_3,Axis_3,Q1C,Type_1_small,5000,11000,1,True,True,True,True
Client_8,Ship_768,2025-12-29,2025-12-31,Product_7,22179,2,Factory_4,Axis_4,Q2A,Type_2_small,29000,23000,1,True,True,True,True
Client_9,Ship_769,2025-12-29,2025-12-31,Product_8,18531,2,Factory_4,Axis_4,Q2A,Type_1_large,21000,11000,2,True,True,True,True
